popularity,acousticness,danceability,duration_ms,energy,instrumentalness,liveness,loudness,speechiness,tempo,valence,genre
64,0.694,0.61,217400,0.59,2.32E-06,0.15,-7.325,0.0362,137.838,0.352,
31,0.739,0.565,260467,0.393,0.000845,0.143,-9.309,0.0244,75.537,0.229,Anime
57,0.00879,0.433,262867,0.815,0,0.138,-3.658,,125.358,0.461,Rock
63,0.0105,0.359,563893,0.762,0.281,0.368,-8.323,0.032,89.259,0.167,Rock
,0.301,0.511,,0.699,,0.0884,,0.037,120.4064967,0.496,Anime
65,,0.491,-1,,2.78E-06,0.626,-6.564,0.0281,112.704,0.407,Rock
44,0.71,0.627,,0.496,,0.343,-11.866,0.0396,95,0.0801,Electronic
48,,0.54,349980,,0.0468,0.599,,0.0355,86.054,0.243,Jazz
67,0.000531,0.502,,0.685,,0.0923,-5.847,0.0283,81.978,0.574,Rock
52,,0.835,170658,,0,0.304,-4.052,0.247,122.019,0.833,Rap
58,0.0844,0.593,-1,0.837,0,0.148,-4.834,0.0302,99.947,0.569,Rock
38,0.11,0.418,318178,0.652,0.535,0.354,-11.112,0.0748,80.451,0.607,Jazz
57,0.786,0.127,288733,0.335,0.427,0.111,-8.298,0.0329,77.078,0.0686,Alternative
53,0.0157,0.663,212613,0.777,0.00829,0.0755,-5.496,0.0375,143.003,0.94,Rock
28,0.082,,210707,0.948,0.0117,0.968,-4.517,0.101,161.473,,Blues
50,0.0506,0.663,125747,0.738,0,0.0894,-6.958,0.4,184.078,0.544,Rap
56,,0.705,273810,,0,0.176,-6.397,0.396,71.666,0.35,Rap
74,0.311,0.644,,0.501,,,-8.959,0.492,,0.173,Rap
54,0.00535,0.413,231368,0.885,1.97E-06,0.166,-7.695,0.0777,113.807,0.211,Alternative
52,0.0249,0.494,,0.836,,,-4.327,,,0.627,Rock
53,0.0541,0.651,269613,0.875,0.00984,0.0254,-4.349,0.0409,92.022,0.83,Rock
76,0.386,0.49,145747,0.715,0,0.311,-5.549,0.0476,130.726,0.866,Rock
53,0.0133,0.229,215653,0.871,2.18E-06,0.266,-4.558,0.103,86.965,0.395,Rock
53,0.222,0.474,352907,0.382,0.0195,0.149,-13.291,0.0252,80.8,0.69,Rock
29,0.916,0.23,664600,0.0408,0.222,0.0855,-23.741,0.0459,120.4064967,0.105,Classical
39,0.00351,0.534,287033,0.653,0.0205,0.254,-7.358,0.0314,155.693,0.434,Blues
37,0.0106,0.204,137350,0.104,0.828,0.136,-21.608,0.046,68.323,0.0323,Classical
40,0.702,0.674,246693,0.528,1.63E-05,0.0799,-6.939,0.045,88.105,0.955,Jazz
62,0.0234,0.628,210653,0.797,3.57E-06,0.112,-6.103,0.0371,120.4064967,0.497,Rock
77,0.323,0.606,182493,0.652,0,0.201,-6.982,0.0281,97.155,0.476,Rock
35,0.000612,0.292,301613,0.97,0.403,0.308,-3.615,0.132,109.8,0.351,Jazz
68,0.154,0.71,180675,0.47,0,0.643,-9.33,0.142,80.027,0.581,Hip-Hop
64,0.795,,188693,0.354,0.000107,0.0879,-11.112,0.0313,73.007,,Blues
62,,0.56,221000,,0.134,0.299,-4.481,0.032,132.009,0.807,Rock
41,0.0118,0.854,,0.493,,,-9.996,0.104,,0.582,Jazz
53,0.746,0.561,225533,0.891,0,0.109,-4.771,0.305,91.316,0.69,Hip-Hop
55,0.0056,0.577,200707,0.934,0,0.0484,-3.999,0.128,137.003,0.54,Rock
69,0.013,0.649,208467,0.888,2.23E-06,0.0888,-4.807,0.0293,100.975,0.553,Alternative
62,0.326,0.515,286707,0.505,0,0.102,-5.606,0.0294,150.063,0.538,Hip-Hop
40,,0.797,284067,,0.00019,0.0648,-12.692,0.0385,114.746,0.881,Jazz
56,0.00134,0.684,215880,0.992,0,0.878,-1.893,0.0748,133.963,0.757,Rock
33,0.137,0.472,220187,0.815,5.06E-05,0.261,-9.725,0.0478,131.547,0.593,Blues
64,0.303,0.399,445187,0.467,0.0186,0.124,-11.763,0.0284,120.4064967,0.525,Rock
51,0.0691,0.557,-1,0.61,0.0117,0.341,-9.899,0.111,155.966,0.128,Rock
68,,0.195,269107,,0.497,0.0686,-4.991,0.03,84.71,0.173,Rock
35,,0.669,190119,,4.86E-05,0.142,-6.898,0.153,127.994,0.439,Electronic
51,0.337,0.563,211573,0.497,0.00273,0.162,-7.595,0.0351,169.977,0.561,Rock
68,6.57E-05,0.532,-1,0.889,0.00706,0.0943,-5.474,0.0543,93.994,0.508,Rock
51,0.00287,,,0.687,,0.274,-7.792,0.0234,100.06,,Rock
48,0.174,0.843,305219,0.668,6.66E-05,0.0963,-7.236,0.0371,125.028,0.378,Country
43,0.0129,0.616,207067,0.605,0,0.112,-4.641,0.093,77.493,0.435,Alternative
63,0.309,0.635,223480,0.562,2.01E-06,0.11,-8.92,0.168,181.014,0.288,Hip-Hop
58,,0.48,224947,,0,0.193,-6.202,0.028,149.957,0.41,Rock
53,0.0054,0.556,207040,0.702,0,0.218,-5.792,,132.33,0.452,Rock
42,1.46E-05,,230613,0.943,0.0314,0.222,-4.483,0.0673,96.006,,Classical
66,0.000821,0.389,189707,0.748,0.00058,0.358,-4.461,0.0805,120.4064967,0.216,Rock
53,,0.608,168027,,0.352,0.166,-17.109,0.0264,84.78,0.401,Rock
28,0.00531,0.531,249600,0.964,0.0273,0.0832,,0.533,150.237,0.198,Electronic
70,0.00018,0.546,207213,0.959,0.00144,0.0584,-4.664,0.082,127.831,0.416,Rock
67,0.0609,0.648,,0.75,,,-3.248,0.0335,,0.556,Rock
37,0.333,0.793,,0.479,,0.0279,-10.759,0.0822,95.99,0.645,Electronic
32,0.00058,0.664,-1,0.83,0.113,0.339,-5.021,0.0463,94.812,0.906,Electronic
25,0.973,0.0712,257280,0.0169,0.35,0.0731,-26.569,0.0496,77.78,0.0311,Classical
66,,0.579,,,,0.172,-4.872,,170.593,0.885,Rock
54,0.181,0.799,252693,0.665,0.136,0.125,-6.31,,89.498,0.783,Rock
49,0.0946,0.419,281000,0.748,0.000174,0.0916,-8.142,0.0521,85.02,0.417,Rock
15,,,177867,,0.941,0.125,-12.529,0.0416,62.838,,Anime
45,0.784,0.56,214945,0.204,0,0.109,-15.395,0.0448,120.138,0.282,Alternative
21,,,-1,,0.0823,0.605,,0.0558,75.319,,Classical
56,,0.614,323600,,0.518,0.108,-8.317,0.0323,126.477,0.717,Rock
66,0.132,0.615,251333,0.582,3.81E-05,0.119,-10.323,0.0402,82.532,0.789,Rock
48,,0.507,182987,,0,0.147,-4.763,0.118,165.136,0.436,Rock
57,0.00254,0.306,232533,0.985,0.626,0.13,-6.687,0.0822,133.963,0.255,Rock
31,0.569,0.449,249600,0.871,1.93E-06,0.401,-2.365,0.0714,204.048,0.786,Anime
78,0.371,0.558,-1,0.559,7.49E-06,0.109,-9.222,0.0959,78.558,0.62,Hip-Hop
33,0.00938,0.473,214213,0.802,0.00141,0.392,-4.966,0.0322,120.4064967,0.661,Rock
42,0.205,0.496,177000,0.895,0,0.0626,-4.027,0.147,120.4064967,0.654,Country
62,0.0175,0.409,221093,0.761,0,0.114,-4.514,0.031,155.901,0.271,Rock
16,0.000286,,92573,0.752,0.785,0.152,-5.76,0.0406,95.018,,Anime
58,0.0073,0.491,249067,0.738,0,0.295,-6.73,0.0571,162.003,0.524,Rock
30,0.00219,,128787,0.92,0.814,0.16,-3.098,0.0491,82.87,,Blues
54,0.00229,0.547,226200,0.932,0,0.335,-5.237,0.0968,134.981,0.513,Rock
50,0.875,0.653,524093,0.368,0.00305,0.0972,-11.567,0.0439,117.161,0.249,Jazz
55,0.349,0.446,245693,0.519,0.00599,0.249,,0.0274,151.267,0.383,Country
44,,0.425,-1,,0.0124,0.129,-9.072,0.0312,73.69,0.311,Country
51,0.497,0.74,220427,0.816,0,0.195,-4.764,0.0765,91.91,0.963,Rock
53,0.744,0.366,498147,0.357,1.97E-05,0.11,-6.227,0.0342,118.901,0.117,Rock
25,0.00873,0.465,243020,0.981,0,0.354,-2.366,0.203,128.093,0.534,Anime
55,,,-1,,7.93E-05,0.12,-5.855,0.283,207.852,,Hip-Hop
54,0.0161,0.739,238339,0.539,0,0.235,-9.735,0.337,85.082,0.835,Hip-Hop
61,0.314,0.687,204333,0.648,1.37E-06,0.289,,0.027,121.341,0.6,Rock
43,0.61,,-1,0.225,0.0577,0.0596,-16.413,0.0498,120.4064967,,Jazz
25,,0.584,253467,,0.0857,0.581,-4.09,0.164,127.984,0.0534,Electronic
55,0.178,0.687,242347,0.651,0.00879,0.149,-6.696,0.0255,119.937,0.514,Rock
52,,0.42,351678,,0.000423,0.096,-9.828,0.0341,147.949,0.378,Rock
12,0.991,0.254,106933,0.203,0.886,0.313,-19.116,0.04,109.666,0.172,Classical
62,0.0855,0.686,154373,0.67,0,0.12,-7.626,0.225,173.915,0.636,Rap
62,0.041,,266040,0.659,0,0.0587,-5.617,0.0383,94.853,,Rock
55,0.271,0.421,263253,0.633,0,0.113,-6.837,0.0433,155.715,0.161,Rock
70,0.00735,0.756,170539,0.814,0,0.143,-5.398,0.0416,146.99,0.709,Rap
28,0.422,0.585,232400,0.726,0.0235,0.332,-12.614,0.0549,126.105,0.884,Blues
52,,,180720,,0,0.156,-5.81,0.0449,116.03,,Rock
56,0.392,0.482,323707,0.55,0.0208,0.111,-4.485,0.0267,114.435,0.353,Rock
60,0.0688,0.626,-1,0.527,0.000214,0.372,-9.371,0.109,151.657,0.227,Alternative
,0.0513,0.395,,0.896,,,-4.262,0.0351,,0.35,Rock
71,0.538,0.404,148053,0.43,0,0.0802,-12.327,0.224,180.061,0.641,Rock
64,0.0263,0.54,188333,0.78,7.12E-06,0.35,-5.872,0.0418,144.011,0.514,Rock
66,0.318,0.695,,0.731,,0.143,-2.15,0.034,122.522,0.497,Rock
54,,0.565,,,,,-10.793,0.0384,,0.591,Rock
35,0.0153,0.55,,0.734,,,-5.72,0.031,,0.592,Country
50,0.00199,0.612,206107,0.794,0,0.0776,-5.857,0.0377,130.025,0.482,Rock
64,0.263,0.443,-1,0.727,0.000141,0.169,-7.951,0.145,160.82,0.566,Blues
68,,0.497,187896,,1.98E-05,0.274,-4.308,0.0455,148.893,0.385,Rock
22,0.0978,0.189,139400,0.812,0.875,0.181,-10.686,0.0436,123.597,0.276,Electronic
70,0.201,,225800,0.779,0,0.117,-5.084,0.287,83.332,,Hip-Hop
72,0.564,0.492,164083,0.712,9.10E-05,0.357,-7.278,0.691,137.453,0.23,Rap
52,0.059,0.625,158108,0.699,0,0.231,-10.665,0.478,147.956,0.381,Rap
31,,0.299,-1,,0.939,0.429,-17.152,0.039,136.472,0.127,Classical
50,0.011,,173933,0.5,0.012,0.287,-18.39,0.0445,105.357,,Country
0,0.928,0.382,588400,0.161,0.559,0.12,-19.09,0.0535,93.319,0.266,Classical
56,0.955,0.465,284867,0.242,0.0223,0.126,-10.46,0.0298,102.812,0.315,Rock
52,,0.433,254867,,0.293,0.159,-6.702,0.0337,137.268,0.184,Alternative
57,0.0424,0.629,244360,0.69,0,0.363,-4.894,0.0357,102.036,0.307,Rock
55,0.00394,0.507,207724,0.663,0.000189,0.13,-9.163,0.139,94.884,0.327,Rock
66,0.219,0.701,144333,0.261,0,0.0821,-19.846,0.0938,97.042,0.89,Alternative
43,0.989,0.198,-1,0.0382,0.969,0.17,-29.885,0.0443,136.392,0.127,Classical
11,0.929,0.563,142573,0.252,6.11E-05,0.126,-10.691,,111.721,0.0792,Anime
60,0.27,0.546,,0.838,,,-3.51,0.0319,,0.719,Rock
54,0.864,0.736,182027,0.297,1.49E-05,0.0609,-9.648,0.0349,120.4064967,0.186,Rock
50,0.00287,0.517,260094,0.561,0,0.556,,0.0351,139.959,0.149,Alternative
53,,0.138,257520,,0.786,0.0895,-7.976,0.0443,170.342,0.36,Rock
47,0.52,0.561,184632,0.715,0,0.119,-6.344,0.0417,153.956,0.453,Rock
61,0.351,0.541,199490,0.483,0.4,0.111,-10.675,0.0514,80.73,0.641,Rock
57,0.312,0.605,-1,0.605,0.00511,0.0601,-7.722,0.0837,147.736,0.418,Rock
74,,0.655,-1,,0,0.409,-3.451,0.059,91.035,0.165,Rap
65,0.431,0.566,233467,0.766,0,0.101,-5.036,0.0399,120.4064967,0.547,Rock
36,0.865,0.124,179453,0.309,0.8,0.103,,0.0346,63.827,0.0796,Classical
63,5.91E-06,0.382,298253,0.867,0.581,0.196,-7.426,0.0399,87.309,0.453,Rock
51,,0.606,197160,,7.14E-05,0.111,-5.726,0.0361,132.004,0.49,Country
57,0.735,0.717,146400,0.373,0,0.303,,0.061,138.513,0.538,Rock
65,0.000631,0.246,212733,0.768,0.301,0.102,-7.48,0.0387,169.873,0.35,
38,0.637,0.752,553500,0.791,0.751,0.1,-12.4,0.0554,116.004,0.11,Electronic
52,0.0271,0.691,222000,0.754,0.0719,0.881,-8.136,0.0372,144.085,0.924,Rock
55,0.0226,,224550,0.55,0.205,0.0425,-7.427,0.026,81.814,,Rock
50,0.0749,0.791,308373,0.535,1.96E-06,0.156,-13.261,0.0355,127.488,0.963,Blues
44,0.263,0.841,294040,0.835,0,0.108,-6.191,0.308,133.024,0.702,Hip-Hop
54,0.0523,0.694,215307,0.951,0.00338,0.293,-5.4,,120.014,0.74,Rock
47,0.23,0.622,196227,0.448,0,0.102,-10.709,0.0265,120.4064967,0.553,Alternative
41,0.0873,0.364,187853,0.845,1.40E-06,0.0843,-4.115,,130.022,0.428,Blues
41,,,224341,,0,0.111,-5.159,0.0289,82.993,,Country
36,0.9,0.678,143320,0.327,0.158,0.111,-9.072,0.0288,113.803,0.557,Anime
66,,0.733,227027,,0,0.151,-6.87,0.0436,138.034,0.259,Rap
30,0.0145,0.519,234573,0.576,0.392,0.201,-7.705,0.0289,139.981,0.116,Electronic
66,0.106,0.66,200227,0.799,0,0.154,-4.644,0.0995,125.966,0.475,Rock
76,,0.657,266893,,0,0.254,-4.938,0.0782,93.985,0.726,Hip-Hop
64,0.664,0.403,212640,0.45,7.57E-06,0.0946,-6.314,,147.694,0.116,Rock
52,0.0175,0.672,505093,0.792,0.0119,0.313,-6.436,0.0333,146.907,0.649,Rock
42,0.666,0.656,187053,0.707,0,0.17,-3.841,0.0293,126.057,0.473,Country
60,0.103,0.401,60000,0.532,0,0.478,-11.554,0.508,84.777,0.413,Rap
62,0.0198,0.6,277533,0.912,6.52E-05,0.0883,-3.449,0.0724,110.339,0.506,Rock
70,0.404,0.629,-1,0.601,0,0.0582,-7.508,0.309,199.921,0.612,Hip-Hop
66,0.00941,,208280,0.837,0,0.372,-5.608,0.0452,140.495,,Rock
69,0.00197,0.352,-1,0.912,0,0.193,-4.253,0.0725,166.795,0.351,Rock
66,0.173,0.68,190720,0.738,0.00036,0.37,-4.881,,105.015,0.675,Rock
37,0.988,0.668,,0.243,,,-11.664,0.0541,,0.668,Jazz
42,0.633,0.606,218293,0.342,6.84E-05,0.297,-13.197,0.0301,78.019,0.432,Jazz
48,0.00806,0.52,259231,0.963,0.000151,0.175,-2.662,0.0498,155.934,0.567,Anime
54,5.45E-05,0.483,250128,0.962,9.61E-06,0.273,-2.93,0.107,88.003,0.459,Alternative
50,0.000225,,281147,0.905,0.00199,0.0724,-6.514,0.0486,126.793,,Electronic
49,,0.486,-1,,0.000298,0.674,-3.611,0.0636,117.26,0.142,Hip-Hop
61,5.87E-05,0.248,311200,0.988,0.84,0.323,-3.74,0.144,120.4064967,0.149,Rock
58,,0.518,303307,,7.63E-06,0.109,-7.106,,98.022,0.161,Rock
51,,0.498,227400,,0,0.169,-5.34,0.0332,160.043,0.695,Rock
68,0.221,0.588,278441,0.301,0.00236,0.128,-14.979,,112.458,0.19,Rock
47,0.111,0.69,268138,0.74,0.807,0.0899,-5.509,0.0741,144.935,0.363,Electronic
38,0.0306,0.443,251320,0.756,0.00121,0.33,-9.216,0.0443,83.797,0.346,Blues
55,0.122,0.5,173773,0.854,0,0.0794,-5.151,0.0945,94.96,0.404,Rock
52,0.00297,0.399,,0.925,,,-5.45,0.0382,,0.145,Electronic
27,0.0011,0.327,308080,0.972,0.00348,0.0817,-3.489,0.469,120.4064967,0.103,Anime
30,0.112,0.394,325733,0.348,0.0257,0.294,-10.197,0.036,127.543,0.538,Blues
56,,0.517,187267,,0,0.166,-6.152,0.0807,150.134,0.371,Rock
67,0.0213,,245000,0.614,0.165,0.31,-7.528,0.0426,119.837,,Rock
68,0.129,,209693,0.65,0,0.113,-5.981,0.0383,117.992,,Rock
53,0.0355,0.327,207640,0.948,0.515,0.126,,0.0711,177.328,0.469,Rock
58,,0.839,-1,,0.000376,0.116,-4.181,0.116,115.005,0.6,Hip-Hop
62,0.000198,0.39,177048,0.91,0,0.156,-3.268,0.133,162.253,0.644,Rock
55,0.126,0.779,217440,0.902,0,0.242,-2.975,0.169,95.321,0.82,Rap
62,0.472,0.757,200865,0.614,0,0.161,,,90.523,0.616,Alternative
29,,0.847,183573,,0.0352,0.115,-15.243,,126.902,0.741,Blues
72,,0.562,375050,,0,0.17,-5.065,0.369,159.517,0.231,Hip-Hop
33,,0.615,264840,,0.0128,0.127,-7.503,0.0284,155.972,0.383,Jazz
72,0.411,0.673,215067,0.395,0.00546,0.122,,0.123,170.074,0.137,Rap
56,0.0832,,268467,0.835,0.00982,0.0769,-6.553,0.0596,144.641,,Rock
40,0.000303,0.711,284093,0.954,0.834,0.07,-7.914,0.0707,124.982,0.897,Electronic
30,,0.442,398333,,0.149,0.129,-10.696,0.0616,97.643,0.51,Blues
60,0.316,0.68,-1,0.701,4.72E-06,0.111,-10.36,0.036,108.287,0.933,Rock
58,0.0091,0.668,299640,0.803,0.00182,0.571,-11.282,0.0459,115.386,0.423,Rock
48,0.951,0.498,193787,0.0969,0,0.105,-16.482,0.0435,144.077,0.39,Country
53,,0.673,240899,,0,0.2,-6.464,0.0638,95.997,0.379,Rock
68,,0.487,160886,,0.00104,0.405,-4.736,0.0887,137.939,0.563,Rock
59,0.000386,0.542,183480,0.939,3.85E-06,0.0931,-4.166,0.0822,129.983,0.256,Rock
55,0.459,0.657,210747,0.69,0,0.122,-6.866,0.0298,112.014,0.573,Rock
28,,0.455,226027,,0.000614,0.389,-2.365,0.109,131.814,0.383,Anime
55,,0.551,295067,,9.84E-06,0.276,-3.446,0.161,147.001,0.436,Rap
16,0.868,0.577,343467,0.491,0.931,0.0842,-7.412,0.063,124.557,0.389,Anime
53,0.744,0.257,233901,0.452,0.0996,0.38,-12.365,0.0349,120.4064967,0.271,Rock
72,0.198,,206360,0.498,0,0.132,-6.901,0.0277,116.271,,Rock
46,0.0217,0.57,232880,0.6,0,0.0957,-11.618,0.039,143.861,0.611,Country
56,0.169,,329187,0.662,0,0.345,,0.0446,94.531,,Rap
53,0.00351,0.422,205427,0.953,1.03E-06,0.575,-5.927,0.123,152.009,0.2,Rock
55,,0.602,248000,,0.00251,0.28,-17.899,,101.941,0.505,Rock
57,,0.407,307263,,0.935,0.0956,-11.733,0.0347,100.01,0.0723,Rock
53,0.373,,213528,0.788,0,0.108,-7.029,0.0532,120.4064967,,Rock
41,,0.358,255400,,1.34E-06,0.0867,-8.217,0.0347,120.4064967,0.487,Jazz
68,6.06E-05,0.451,194227,0.815,0,0.27,-5.55,,147.974,0.618,Rap
50,0.366,0.542,-1,0.566,5.14E-06,0.0979,-5.99,0.0561,153.479,0.408,Country
65,0.135,0.756,246893,0.415,0,0.144,-14.429,0.0555,96.99,0.68,Rock
13,,,229720,,0.000559,0.132,-3.988,0.0328,120.4064967,,Anime
73,,0.431,-1,,0.0096,0.502,-4.243,0.0616,147.108,0.534,Rock
46,0.000534,0.374,478428,0.926,0.0117,0.341,-4.947,0.0832,106.315,0.619,Jazz
39,0.152,0.572,235416,0.826,0,0.113,-5.167,0.132,167.988,0.408,Country
34,0.566,0.57,467760,0.291,0.0283,0.0453,-13.953,0.0425,106.247,0.423,Jazz
51,0.316,0.474,233853,0.508,0,0.166,-6.845,0.0235,77.31,0.358,Blues
71,0.0029,0.736,-1,0.711,0.000275,0.0948,-5.503,0.0352,112.309,0.719,Rock
62,0.0129,0.595,341533,0.804,1.97E-05,0.299,-7.911,0.0326,89.846,0.586,Rock
54,,0.666,220462,,0.000233,0.116,-8.369,0.0361,96.982,0.438,Rock
42,0.292,0.594,,0.718,,,-5.755,0.0289,,0.549,Country
56,,0.752,228907,,0,0.107,-8.156,0.0864,120.4064967,0.386,Rap
58,,0.808,,,,,-8.435,0.252,,0.616,Alternative
51,0.0424,0.512,,0.552,,0.111,-9.499,0.0355,143.977,0.21,Rock
64,0.35,0.764,174627,0.646,0,0.0823,-9.349,0.0305,116.115,0.886,Rock
26,3.87E-05,0.476,169613,0.791,0.838,0.165,-8.086,0.0582,120.4064967,0.403,Blues
58,0.00192,0.49,205040,0.699,6.45E-06,0.111,-5.55,0.0289,85.955,0.364,Rock
30,,,124400,,0.000816,0.0853,-11.499,0.0291,74.864,,Jazz
39,0.872,,499960,0.27,0.746,0.176,-13.276,0.0421,71.806,,Jazz
63,,0.65,225947,,0.000351,0.122,-3.677,0.0314,121.896,0.409,Rock
23,0.377,,180773,0.676,0.221,0.741,-7.273,0.04,94.518,,Blues
28,0.859,0.574,185387,0.284,0,0.114,-9.087,0.0363,68.07,0.672,Blues
64,0.517,,-1,0.596,0.00159,0.358,,0.246,94.968,,Hip-Hop
62,,0.485,184920,,0,0.0977,-3.807,0.0288,151.948,0.613,Country
56,0.0563,0.892,-1,0.538,0,0.303,-7.043,0.304,130.129,0.325,Hip-Hop
30,0.0618,0.389,160440,0.829,0.00125,0.168,-5.58,0.15,122.051,0.435,Blues
51,0.0224,0.647,233573,0.69,0,0.147,-8.657,0.0454,117.514,0.682,Alternative
63,0.069,,163453,0.969,0.00022,0.0608,-7.464,0.0854,142.489,,Rock
61,0.0774,0.486,198763,0.892,0,0.0532,-3.529,0.0606,72.984,0.361,Rock
67,,0.575,204040,,0,0.614,-6.007,0.325,172.155,0.926,Hip-Hop
59,0.000813,,309573,0.708,0.0197,0.0764,-9.367,0.0263,100.698,,Alternative
40,,0.339,233160,,0.00162,0.105,-11.843,0.0453,187.622,0.223,Electronic
55,0.0312,0.473,312280,0.691,0.00404,0.147,-7.984,0.0248,82.118,0.421,Alternative
51,0.00537,0.507,231133,0.686,0,0.124,-4.974,0.0401,120.4064967,0.389,Rock
63,0.0414,0.325,153160,0.872,0,0.478,-2.535,0.101,199.842,0.744,Rock
53,0.985,0.336,190400,0.0619,0.891,0.11,-20.494,0.0363,60.705,0.197,Jazz
67,0.05,0.813,,0.977,,,-6.078,0.0476,,0.842,Rock
,0.00798,0.672,,0.688,,,-9.605,0.0375,,0.808,Electronic
56,0.0116,0.507,-1,0.666,0.343,0.129,-8.362,0.029,77.979,0.185,Rock
55,0.128,0.534,295467,0.663,3.63E-05,0.431,-5.48,0.0286,141.525,0.573,Rock
32,0.000744,0.471,228520,0.944,0.000587,0.193,-4.673,0.0686,94.414,0.763,Blues
76,,0.667,207851,,0.015,0.0972,-5.935,0.0675,114.981,0.485,Rock
62,,,221187,,3.31E-05,0.112,-8.821,0.036,95.239,,Rock
20,0.000918,0.167,-1,0.461,0.793,0.113,-10.65,0.0331,87.03,0.103,Anime
41,0.178,0.7,227159,0.679,0,0.0787,-7.019,0.117,78.817,0.412,Country
53,,0.655,304693,,0,0.0643,-12.824,,118.732,0.528,Country
55,0.0134,,217067,0.626,0,0.349,-7.155,0.045,134.028,,Alternative
38,0.00108,0.776,448480,0.703,0.88,0.352,-16.542,0.0498,125.938,0.922,Jazz
59,0.00888,,224960,0.951,0.00126,0.376,-3.888,0.0966,158.075,,Rock
33,0.99,0.393,-1,0.112,0.924,0.123,-24.031,0.0348,139.968,0.487,Classical
52,0.00101,0.565,213853,0.905,0,0.325,-3.575,0.057,126.011,0.684,Rock
62,0.0208,0.575,249813,0.478,1.11E-05,0.144,-5.517,0.0314,125.968,0.297,Rock
34,3.23E-06,0.275,144600,0.958,0.959,0.315,-9.171,0.0408,99.993,0.727,Blues
59,0.00177,0.568,197933,0.871,0.000406,0.36,-5.235,0.0494,133.064,0.693,Rock
61,,0.596,185030,,0.151,0.135,-5.82,0.0698,149.999,0.56,Rock
49,,0.704,-1,,0.11,0.154,,0.0315,128.807,0.789,Rock
,0.193,0.477,,0.471,,0.131,-10.036,0.0277,81.204,0.423,Rock
54,0.936,0.696,131024,0.234,4.30E-05,0.114,-14.541,0.0383,130.302,0.484,Jazz
53,,0.492,202032,,0.162,0.255,-6.79,0.0332,84.237,0.323,Rock
58,0.838,0.665,-1,0.253,0,0.168,-7.326,0.0505,142.252,0.477,Rock
30,,,212160,,0.904,0.513,-11.301,0.038,163.163,,Jazz
49,,0.562,284093,,0,0.322,-7.974,0.203,93.378,0.362,Alternative
68,0.00265,0.553,173320,0.917,0.00991,0.07,-8.806,0.0906,101.798,0.781,Rock
55,0.0841,,384467,0.639,0,0.371,-9.91,0.0336,149.686,,Rock
,0.00706,0.572,,0.868,,,-4.833,0.047,,0.248,
54,0.0727,0.609,-1,0.876,6.96E-06,0.0778,-5.777,0.0438,152.043,0.39,Rock
55,0.0674,0.432,-1,0.612,1.34E-06,0.111,-6.871,0.0285,89.995,0.113,Rock
56,0.000349,0.684,268760,0.906,0.55,0.103,-6.661,,101.46,0.555,Rock
55,0.479,0.345,,0.461,,,-12.063,0.0645,,0.171,Rock
54,0.174,0.568,213600,0.714,0,0.0429,-7.139,,146.338,0.955,Rock
33,0.933,0.304,-1,0.126,0.939,0.124,-20.634,0.0286,84.377,0.307,Jazz
57,0.175,0.541,174573,0.662,0,0.0803,-7.196,0.0382,144.046,0.742,Rock
35,,0.375,143581,,4.72E-06,0.0856,-12.955,0.0341,67.714,0.379,Classical
28,0.121,0.365,333867,0.676,0.701,0.478,-8.7,0.112,149.22,0.599,Blues
40,0.966,0.716,219173,0.404,0.909,0.107,-13.79,,96.979,0.565,Electronic
57,0.972,0.193,208040,0.0329,0.929,0.0978,-28.228,0.046,82.165,0.0366,Classical
59,0.228,0.573,233587,0.656,0,0.0651,-5.954,0.0562,81.952,0.668,Rock
70,,0.606,193000,,0,0.337,-4.404,0.0598,119.974,0.903,Rock
74,,,382834,,0.00201,0.269,-10.421,0.152,124.193,,Rock
24,0.11,0.626,368400,0.994,0.0415,0.304,-2.849,0.0802,129.993,0.475,Anime
64,0.000163,0.408,196947,0.817,0.03,0.403,-4.59,0.0759,120.4064967,0.288,Rock
57,0.123,0.749,238054,0.649,0,0.371,-8.623,0.053,120.068,0.146,Rap
52,0.00614,0.515,260160,0.912,0.177,0.157,,0.0693,107.131,0.596,Rock
64,,0.505,-1,,0,0.113,-5.146,0.0358,140.066,0.623,Rock
61,0.491,,288053,0.467,0.175,0.0805,-10.862,0.0305,113.713,,Blues
55,0.374,0.926,213120,0.354,0,0.49,-10.773,0.511,105.005,0.561,Hip-Hop
51,0.27,0.648,248173,0.637,4.22E-06,0.0469,-10.138,0.0296,120.4064967,0.738,Rock
,0.826,0.153,,0.359,,0.0816,-17.719,0.0384,83.894,0.313,Anime
57,0.402,0.498,-1,0.806,5.74E-06,0.525,-5.284,0.0265,120.4064967,0.664,Rock
,0.00664,0.496,,0.554,,,-8.487,0.365,,0.328,Rap
57,0.123,0.749,238054,0.649,0,0.371,-8.623,0.053,120.068,0.146,Hip-Hop
44,0.000254,0.378,287365,0.919,0.899,0.61,-6.234,0.0489,93.045,0.205,Jazz
52,0.694,0.771,,0.458,,0.0784,-7.652,0.0327,109.089,0.707,Jazz
36,0.847,0.465,131200,0.431,0,0.36,-10.847,0.0304,93.981,0.74,Blues
56,0.00463,,207967,0.854,0,0.344,-5.03,0.164,186.061,,Rock
57,0.0929,0.68,186800,0.798,0,0.0746,-4.978,0.116,116.989,0.594,Rock
62,0.00963,0.639,246173,0.903,7.06E-05,0.174,,0.0371,135.938,0.96,Rock
38,0.0162,0.636,182187,0.526,2.30E-06,0.089,-7.372,0.0363,76.447,0.338,Blues
48,,,574000,,0.682,0.268,-13.336,0.0313,119.596,,Rock
62,0.0812,0.56,230800,0.798,1.54E-06,0.327,-6.672,,124.397,0.675,Rock
68,0.461,0.573,142787,0.683,0,0.0935,-6.644,0.176,169.519,0.817,Rock
25,0.0242,0.449,376500,0.891,0.258,0.669,-4.118,0.135,109.953,0.544,Electronic
56,0.252,0.873,181360,0.872,0,0.335,-0.883,0.17,97.978,0.683,Hip-Hop
63,0.0129,,130909,0.914,0,0.0787,,0.266,93.532,,Rap
68,0.0125,0.426,166707,0.894,0.00041,0.187,-6.699,0.174,108.725,0.63,Alternative
25,0.0166,0.376,255120,0.3,0.000842,0.483,-5.861,0.0305,99.677,0.277,Anime
33,0.289,0.546,294933,0.437,0.000312,0.119,-8.993,0.0326,129.955,0.534,Blues
47,0.474,0.782,-1,0.791,0.0012,0.0555,-6.321,0.0383,99.992,0.819,Jazz
67,,0.476,202053,,0.00729,0.0944,-3.506,0.132,140.404,0.416,Rock
13,0.761,0.544,214800,0.792,0,0.335,,0.0462,119.998,0.615,Anime
65,,0.465,217824,,0.02,0.286,-6.331,0.237,155.061,0.39,Rock
70,0.0823,,214880,0.759,4.44E-05,0.0993,-5.67,0.037,124.725,,Rock
18,0.903,0.477,-1,0.221,0.852,0.113,-20.078,0.0329,128.154,0.198,Anime
60,0.212,0.661,206520,0.743,2.04E-06,0.0981,-7.76,0.0334,106.045,0.897,Rock
41,0.018,0.482,172520,0.864,0,0.0743,-4.04,0.0948,185.736,0.771,Alternative
60,0.648,0.443,159394,0.489,0.424,0.131,-6.932,0.0348,124.031,0.0517,Rock
62,0.0108,0.743,243333,0.67,0.0702,0.22,-4.547,0.0293,110.832,0.934,Rock
64,0.0507,0.693,184615,0.563,0.0021,0.112,-8.553,,155.962,0.618,Rap
65,0.0207,,192905,0.973,0.839,0.0381,,0.26,160.018,,Electronic
41,0.934,0.185,182773,0.0805,0.0125,0.0841,-21.025,0.0428,89.936,0.0574,Classical
63,0.000467,,254510,0.704,1.33E-05,0.326,-6.835,0.0301,99.804,,Rock
38,0.992,0.379,239640,0.279,0.907,0.107,-12.694,0.0339,89.918,0.293,Jazz
,0.602,0.658,,0.626,,0.682,-6.069,0.328,120.4064967,0.738,Hip-Hop
64,0.00165,,239333,0.78,2.14E-05,0.156,-4.939,0.0356,145.125,,Rock
36,0.0412,0.578,,0.826,,,-5.042,,,0.534,Country
46,,0.612,316653,,0.167,0.104,-8.637,0.0396,79.975,0.661,Electronic
57,,0.539,257080,,1.79E-05,0.121,-4.884,0.0269,88.969,0.503,Country
63,,0.647,217493,,0.703,0.0777,-4.692,0.029,110.059,0.268,Rock
63,0.788,0.688,165733,0.711,2.64E-05,0.0683,,0.0832,152.277,0.935,Rock
50,0.00127,0.41,183147,0.979,0.0125,0.355,-5.021,0.106,146.741,0.478,Rock
60,0.00792,,287880,0.872,0.8,0.261,-7.313,0.05,167.946,,Rock
69,,0.499,134200,,0,0.165,-3.902,0.0386,142.726,0.864,Rock
38,0.0133,,201347,0.869,0,0.14,-4.624,0.0496,80.98,,Country
44,0.597,0.669,192444,0.699,3.09E-05,0.2,-6.882,0.0582,92.006,0.368,Alternative
71,0.000332,0.305,206773,0.832,2.40E-05,0.091,-7.981,0.0398,100.677,0.585,Rock
54,0.929,,390328,0.195,0.807,0.0798,-19.454,0.0335,126.862,,Rock
67,0.0312,,244760,0.914,8.92E-05,0.0483,-3.834,0.107,97.021,,Rock
42,0.0295,0.291,194679,0.598,0.00227,0.0738,-6.972,,146.245,0.186,Alternative
48,,0.74,130293,,0,0.38,-9.483,0.0541,113.713,0.844,Country
47,,0.605,,,,,-7.035,0.0338,,0.434,Alternative
51,0.213,0.535,391320,0.551,8.72E-06,0.172,-9.99,0.0337,79.414,0.631,Rock
61,0.334,0.506,-1,0.526,0.000539,0.0907,-9.936,0.0285,129.641,0.591,Rock
53,,0.757,192414,,1.45E-05,0.112,-5.644,0.0425,121.968,0.96,Rock
33,0.0731,0.654,148267,0.726,0.891,0.243,-5.491,0.0354,90.969,0.56,Electronic
58,0.00107,0.5,207173,0.836,4.03E-05,0.197,-6.165,0.0454,90.011,0.41,Rock
53,0.00216,0.474,132733,0.994,0.126,0.314,-1.884,0.103,171.433,0.847,Rap
62,0.453,,213267,0.493,0,0.241,-8.786,0.0327,127.671,,Rock
40,0.00851,0.549,199240,0.895,1.12E-06,0.131,-7.145,0.0445,134.595,0.95,Alternative
41,0.885,0.454,264667,0.206,0.000108,0.067,-14.855,0.0333,167.169,0.336,Blues
38,0.733,0.54,-1,0.37,0.000932,0.0886,-12.017,0.0463,88.36,0.208,Blues
67,0.0662,0.816,,0.813,,0.602,-7.798,0.0664,127.979,0.436,Rap
23,,0.514,262253,,0.778,0.14,-6.601,0.117,143.844,0.444,Anime
29,0.176,0.609,344160,0.888,0,0.15,-2.814,0.036,119.959,0.696,Anime
6,0.978,0.239,708760,0.0514,0.874,0.101,-23.135,0.0451,110.333,0.0388,Classical
27,0.505,,217227,0.383,0,0.392,-13.074,0.0464,110.522,,Blues
32,0.00938,0.495,200360,0.786,0.00752,0.107,-10.51,0.035,142.266,0.696,Blues
59,0.408,0.888,236947,0.687,0,0.0615,-7.744,0.107,115.034,0.432,Electronic
70,0.00666,0.494,175093,0.939,0,0.139,-3.127,0.126,177.751,0.893,Alternative
30,0.331,0.779,-1,0.769,1.43E-06,0.076,-5.78,0.0384,127.96,0.941,Anime
64,0.79,,133507,0.338,0,0.105,-13.887,0.0454,122.421,,Rock
40,0.0138,0.77,-1,0.721,0.505,0.0968,-8.008,0.0532,119.996,0.366,Electronic
54,0.206,0.501,247202,0.903,0,0.155,-4.327,0.12,131.957,0.432,Hip-Hop
59,,0.674,-1,,0,0.694,,0.0293,114.048,0.889,Rock
51,0.00111,0.298,197480,0.597,0,0.0819,-12.107,0.0343,180.434,0.536,Rock
52,0.00384,0.544,210080,0.625,0.00657,0.0889,-6.797,0.0342,75.243,0.43,Rock
33,0.829,0.218,372187,0.244,0.93,0.129,-16.472,0.0404,83.739,0.06,Classical
63,0.407,0.759,220893,0.779,0.061,0.159,-9.375,0.0347,128.211,0.918,Rock
34,,0.544,-1,,0.0172,0.266,-5.031,0.0615,168.364,0.462,Electronic
57,0.405,0.584,199036,0.74,4.15E-06,0.569,-6.313,0.242,62.916,0.33,Rock
45,0.445,0.715,197013,0.662,0,0.0813,-5.761,0.188,87.904,0.626,Jazz
44,0.0101,0.698,212760,0.676,2.57E-05,0.112,-11.717,,116.486,0.961,Country
61,0.00987,0.678,268093,0.53,0.000274,0.0437,,0.024,91.779,0.678,Rock
54,0.0887,0.626,260853,0.691,9.63E-05,0.115,-5.873,0.0283,109.005,0.396,Rock
75,0.582,0.651,202920,0.708,0,0.0796,-4.791,,119.964,0.558,Rock
73,0.17,0.837,-1,0.549,0,0.057,-5.722,0.167,121.954,0.209,Rap
71,0.0311,0.654,211960,0.726,6.35E-05,0.0618,-3.803,0.0401,103.987,0.728,Rock
55,,0.684,238973,,2.98E-05,0.0627,-5.46,0.0307,115.94,0.565,Rock
64,0.0766,,327400,0.499,1.55E-06,0.111,-10.972,0.0685,171.067,,Rock
54,0.141,0.535,224960,0.803,0,0.297,-4.116,0.0465,147.902,0.342,Rock
65,0.723,0.714,-1,0.343,5.48E-06,0.102,-7.641,0.38,72.348,0.372,Rap
63,3.22E-05,0.47,215120,0.885,0.196,0.169,,0.0354,138.153,0.79,Rock
67,0.344,0.489,176147,0.637,0,0.176,-5.014,,170.157,0.345,Rock
44,0.000848,0.726,,0.892,,0.831,-2.278,0.0557,120.1,0.334,Electronic
54,0.229,0.862,148747,0.598,0.00304,0.135,-6.667,0.0612,141.934,0.561,Hip-Hop
50,0.102,0.307,367160,0.407,0.0571,0.103,-8.25,0.028,90.255,0.0433,Alternative
65,,0.643,248880,,7.71E-06,0.495,-4.66,0.0779,120.723,0.526,Rock
19,,0.666,252493,,0,0.13,-5.509,0.0258,138.029,0.512,Anime
64,0.25,0.546,178147,0.631,0,0.123,-5.757,0.0283,129.556,0.569,Rock
41,0.00241,,196597,0.931,0.852,0.356,-3.817,0.0708,140.031,,Electronic
39,0.000672,0.56,219000,0.87,0.109,0.129,-3.492,0.0523,160.044,0.345,Electronic
63,0.00384,0.635,190448,0.908,0.0834,0.239,-4.795,0.0563,110.012,0.637,Rock
56,0.259,0.534,233893,0.457,0.0004,0.203,-8.66,0.0266,140.798,0.271,Rock
57,0.732,,-1,0.298,0.00295,0.1,-13.477,0.0356,128.022,,Rock
48,0.161,0.481,234274,0.571,0.00494,0.357,-8.582,0.0296,167.634,0.634,Rock
49,0.000821,,217440,0.89,0,0.0912,-5.759,0.0655,100.061,,Rock
53,0.994,0.222,161360,0.0119,0.925,0.102,-32.855,0.0357,72.774,0.14,Classical
64,0.298,0.541,160080,0.608,0,0.234,-13.083,0.106,171.992,0.938,Rock
,,0.155,,,,0.0952,-26.549,0.0447,92.442,0.0731,Classical
62,0.0819,0.421,300427,0.963,0,0.5,-2.16,0.415,120.4064967,0.494,Rap
59,0.031,0.513,242667,0.77,0,0.198,-5.131,0.0277,120.4064967,0.849,Rock
47,,0.699,147107,,0,0.108,-4.952,0.215,144.88,0.812,Alternative
67,0.00738,0.547,197053,0.804,0,0.0308,-5.268,0.0361,142.016,0.666,Rock
62,0.727,0.73,163093,0.504,0,0.143,-11.686,0.0481,126.282,0.883,Rock
56,0.0116,0.528,208067,0.888,0.762,0.154,-6.039,0.0326,145.971,0.897,Rock
58,0.335,0.792,230600,0.808,0,0.269,-4.156,0.0963,92.064,0.709,
58,,0.627,,,,,-12.33,0.0403,,0.323,Rock
69,0.45,0.643,250107,0.809,1.22E-06,0.154,-3.275,0.028,112.677,0.499,Rock
58,0.22,,238267,0.528,0.35,0.14,-13.382,0.0358,117.472,,Rock
50,,0.884,228667,,0.00104,0.0499,-8.919,,99.018,0.415,Rap
44,0.0462,0.676,195053,0.788,0,0.173,-5.757,0.0994,120.4064967,0.384,Country
2,0.498,0.539,55101,0.453,0.875,0.106,-21.199,0.0684,82.184,0.764,Jazz
43,0.163,0.81,350467,0.59,0.06,0.0961,-7.421,0.047,120.017,0.662,Jazz
50,,0.624,369947,,0.204,0.0662,-10.746,0.0281,144.049,0.713,Rock
53,0.917,0.561,228920,0.252,0,0.106,-9.448,0.0345,144.226,0.346,Rock
73,,0.467,320267,,0.0248,0.118,-10.451,0.0255,94.301,0.166,Rock
44,,0.221,184169,,0.957,0.0757,-23.238,0.0367,102.96,0.127,Classical
54,0.149,0.738,257640,0.879,0,0.102,-4.444,0.245,90.338,0.893,Rap
48,0.203,0.673,212907,0.838,8.80E-06,0.105,-5.922,0.314,168.114,0.872,Hip-Hop
32,0.806,0.423,123840,0.156,0.000587,0.623,-17.959,0.039,135.911,0.563,Classical
37,,,205320,,0.952,0.11,-6.854,0.033,186.004,,Classical
39,,0.206,208280,,0.959,0.144,-23.543,0.0464,114.943,0.0383,Classical
31,1.14E-05,0.294,253947,0.921,8.04E-05,0.0802,-4.165,0.0807,184.78,0.241,Classical
56,0.00579,0.939,144453,0.373,0,0.274,-7.779,0.227,119.953,0.0602,Rap
64,6.06E-05,0.451,194227,0.815,0,0.27,-5.55,0.0368,147.974,0.618,Alternative
48,0.449,,149987,0.485,2.33E-06,0.0716,-7.164,0.0602,119.161,,Jazz
56,0.153,0.731,-1,0.488,4.44E-06,0.0634,-7.256,0.0538,93.981,0.465,Hip-Hop
36,0.139,0.635,249147,0.476,5.97E-05,0.103,-10.441,0.0721,88.053,0.522,Blues
47,0.176,0.809,149013,0.701,0,0.184,-12.484,0.0574,105.696,0.563,Blues
54,0.000173,0.521,206000,0.919,0.00218,0.301,-3.146,0.0475,131.726,0.746,Rock
21,0.614,,89958,0.433,0.764,0.108,-10.354,0.146,80.038,,Electronic
27,0.702,0.738,160240,0.411,0.0086,0.106,-8.988,0.0507,76.005,0.651,Blues
47,0.404,0.467,157608,0.581,0,0.149,-9.768,0.456,91.108,0.152,Hip-Hop
50,0.0879,0.776,,0.601,,,-6.041,0.0487,,0.416,Alternative
39,0.81,,213667,0.395,0,0.346,-11.674,0.0306,136.467,,Country
72,0.909,0.643,,0.344,,0.106,-11.342,0.0349,144.171,0.547,Rock
66,0.129,,195173,0.83,0,0.29,-5.43,0.0652,95.004,,Rock
47,,0.682,241120,,0,0.18,-9.69,0.335,170.049,0.366,Rap
50,0.0193,0.407,205587,0.821,2.06E-06,0.36,-4.987,0.0657,99.814,0.61,Rock
27,0.0589,0.544,232533,0.484,2.92E-06,0.256,-7.111,0.0254,144.872,0.519,Blues
32,0.00465,0.638,222369,0.587,0.909,0.157,-6.266,0.0413,145.036,0.323,Electronic
61,0.00669,0.6,256467,0.614,0,0.166,-4.688,0.0885,121.965,0.341,Rock
82,0.0021,0.592,329733,0.767,0.00165,0.127,-2.788,0.027,96.483,0.328,Rock
68,,0.635,217419,,0,0.097,-4.862,0.258,82.142,0.638,Hip-Hop
59,0.144,0.613,285467,0.531,3.74E-06,0.801,-9.172,,152.023,0.338,Rock
19,0.00242,0.396,281640,0.986,2.14E-05,0.338,-4.843,0.23,169.976,0.143,Anime
47,0.975,0.36,-1,0.366,0.00229,0.375,-11.636,0.0683,80.491,0.386,Classical
46,0.89,0.42,213253,0.426,0,0.919,-8.648,0.0274,120.4064967,0.489,Country
60,0.896,0.726,214547,0.177,2.14E-06,0.116,-14.824,0.0353,92.934,0.618,Rock
49,0.553,0.681,,0.447,,0.122,-8.83,0.0477,99.418,0.746,Rock
46,0.00076,0.505,223373,0.755,0.0725,0.348,-7.568,0.0315,157.993,0.532,Electronic
61,0.159,0.674,217387,0.705,6.11E-06,0.106,-7.516,0.0259,95.99,0.635,Rock
,0.595,0.503,,0.772,,,-6.205,0.0322,,0.935,Rock
30,0.223,0.637,224587,0.831,0.402,0.114,-6.372,0.0298,90.008,0.533,Jazz
8,0.954,,1617333,0.123,0.74,0.711,-17.919,0.0396,56.855,,Classical
74,0.176,0.714,222227,0.735,0.000622,0.115,-7.125,0.0306,123.57,0.68,Rock
64,0.347,0.669,275507,0.707,0.000716,0.0997,-13.66,0.0478,124.335,0.806,Rock
,0.888,,,0.471,,0.103,-10.544,0.0371,146.322,,Classical
59,0.00758,0.64,227013,0.469,0.000453,0.0711,-8.718,0.0412,90.001,0.305,Rock
38,0.193,0.612,394147,0.481,0.000119,0.108,-7.158,0.0288,90.033,0.467,Jazz
53,0.903,0.637,214240,0.129,0,0.107,-11.89,0.0405,139.742,0.368,Rock
,0.615,,,0.272,,,-10.575,0.0445,,,Rock
69,0.644,0.561,267253,0.337,8.79E-05,0.67,-9.272,0.0284,109.373,0.273,Rock
32,0.765,0.696,,0.617,,,-7.973,0.0297,,0.47,Jazz
55,0.131,0.567,290827,0.569,0.011,0.0714,-11.963,0.0335,109.293,0.75,Rock
53,0.0344,0.479,245333,0.718,0,0.282,-4.271,0.0368,149.576,0.398,Rock
71,,0.787,175721,,0,0.102,-7.676,0.0685,120.4064967,0.21,Hip-Hop
41,0.578,0.611,,0.425,,0.0603,-11.332,0.0472,120.15,0.654,Jazz
55,0.245,0.667,273693,0.647,0.000297,0.0633,-7.787,0.0487,143.995,0.3,Rock
21,0.000266,,-1,0.949,3.72E-05,0.336,-4.046,0.0514,150.003,,Anime
53,0.00591,,-1,0.812,0.000494,0.408,-6.398,,146.2,,Rock
52,0.000347,,272074,0.828,0.144,0.128,-5.453,,81.861,,Rock
44,0.000354,0.272,204402,0.908,0.0362,0.18,-7.928,0.103,160.913,0.38,Alternative
32,0.904,0.393,386533,0.129,0.587,0.1,-23.347,0.0393,120.123,0.645,Classical
59,,0.624,199767,,0.00017,0.11,-6.658,0.0318,91.973,0.367,Rock
51,0.184,0.754,208867,0.801,0,0.132,-5.992,0.35,120.4064967,0.391,Jazz
55,0.0658,,253227,0.589,5.34E-05,0.0862,-8.249,0.032,115.283,,Rock
39,0.378,0.927,195200,0.418,2.43E-06,0.117,-5.181,0.0454,101.032,0.921,Jazz
36,0.289,0.554,299600,0.811,0,0.363,-4.481,0.0461,160.17,0.737,Anime
61,0.00695,0.793,225600,0.554,0,0.127,-6.624,0.0451,119.993,0.225,Rap
64,0.0537,0.628,201653,0.845,0,0.378,,0.0398,115.999,0.801,Rock
34,0.211,0.599,210550,0.79,6.74E-06,0.326,-7.155,0.0295,91.029,0.718,Country
56,,,254493,,0,0.0651,-4.109,0.0427,81.962,,Rock
37,0.995,0.45,85707,0.00251,0.926,0.0571,-38.718,0.0535,62.44,0.0896,Classical
54,0.000179,,396333,0.613,0.151,0.178,-9.444,0.0341,85.693,,Rock
54,0.232,0.499,335893,0.816,0,0.105,-3.913,0.0358,82.017,0.275,Alternative
61,0.21,0.494,180320,0.47,0,0.28,-9.599,0.0301,103.477,0.698,Rock
55,0.83,0.387,-1,0.194,0.00145,0.131,-10.829,0.031,121.7,0.0862,Rock
58,0.049,0.477,,0.672,,0.355,,0.0306,139.864,0.263,Rock
48,0.0169,,400711,0.752,0.0214,0.117,-5.002,0.0386,111.105,,Alternative
60,1.04E-05,0.545,209480,0.836,0.000129,0.413,-4.029,0.0281,105.925,0.449,Rock
79,,,180056,,7.07E-06,0.0707,-9.443,0.0393,118.068,,Rock
60,0.0141,0.441,270800,0.563,3.69E-06,0.101,-7.274,0.0251,85.711,0.209,Rock
51,0.000488,,187853,0.879,1.19E-06,0.14,-3.329,0.0393,86.986,,Rock
46,0.71,0.623,383973,0.328,0.344,0.105,-12.949,0.0382,74.668,0.696,Jazz
61,0.00851,0.703,247829,0.785,0.0479,0.178,-7.633,0.0459,105.857,0.592,Rock
49,,0.42,281080,,0.000146,0.139,-5.565,0.031,165.983,0.206,Country
62,0.00906,0.508,225000,0.991,1.28E-05,0.316,-1.768,0.123,95.524,0.295,Rock
57,0.621,0.657,213958,0.49,0.81,0.106,-12.27,,120.4064967,0.53,Rock
66,0.0238,0.63,189227,0.908,0.592,0.116,-2.42,0.0326,120.522,0.968,Rock
60,,0.645,217156,,0,0.374,-5.883,0.0329,100.026,0.461,Rock
32,0.783,,207573,0.549,0.0286,0.0928,-8.012,0.0766,148.118,,Electronic
54,0.267,0.467,303680,0.561,3.02E-06,0.132,-6.787,0.0262,81.303,0.493,Rock
12,0.000109,0.248,105820,0.918,0.785,0.244,-5.005,0.107,120.4064967,0.34,Anime
75,0.0364,0.454,,0.66,,0.181,-4.357,0.168,184.353,0.568,Rock
56,0.298,0.632,180000,0.742,0,0.433,-7.041,0.0846,160.037,0.657,Rap
53,0.000242,,185524,0.75,0.0119,0.271,-6.619,0.103,165.036,,Rock
69,0.0156,,,0.924,,,-3.398,0.0282,,,Rock
42,0.0586,0.809,160500,0.27,0.901,0.257,-13.723,0.0781,80.009,0.108,Electronic
53,0.174,0.676,,0.379,,,-19.42,0.031,,0.818,Rock
28,0.935,0.294,37027,0.349,0.581,0.158,-17.519,0.0475,155.418,0.0298,Anime
,,0.613,,,,,-13.443,0.0603,,0.71,Blues
26,0.168,0.291,541640,0.937,0.47,0.86,-7.032,,153.324,0.427,Blues
56,,0.647,219213,,0,0.139,-4.388,0.0363,161.416,0.598,Rock
66,,0.589,212827,,0,0.076,-3.925,0.0626,81.945,0.562,Rock
16,0.00883,0.438,299053,0.979,0.256,0.169,-6.269,0.408,152.978,0.126,Anime
51,0.742,0.603,234080,0.36,0,0.233,,0.0309,122.021,0.347,Country
69,0.000456,,227440,0.92,0.0026,0.11,-4.852,0.0575,93.162,,Rock
28,0.253,,310707,0.707,0.00084,0.212,-4.844,0.0261,180.03,,Anime
58,0.195,0.475,,0.757,,0.37,-7.307,0.357,120.4064967,0.0707,Hip-Hop
33,0.978,,208147,0.0867,0.86,0.407,-22.613,0.0527,79.847,,Classical
51,0.00925,0.6,201280,0.9,0.293,0.269,-8.434,0.0457,120.4064967,0.918,Rock
,0.155,0.491,,0.523,,,-9.417,0.592,,0.243,Rap
50,,0.314,241360,,0.0269,0.564,-8.365,0.0351,145.047,0.348,Rock
23,0.146,0.72,228923,0.425,0.108,0.785,-14.148,0.71,129.929,0.548,Electronic
64,0.279,0.723,298200,0.691,0,0.0363,-6.784,0.219,138.038,0.512,Hip-Hop
36,,0.52,575933,,0.779,0.0942,-8.389,0.0278,90.011,0.169,Electronic
61,0.00174,0.564,257347,0.941,6.42E-05,0.242,-4.787,0.051,112.008,0.542,Rock
57,0.0837,0.498,175547,0.639,4.61E-05,0.194,-6.04,0.0328,120.4064967,0.18,Rock
59,0.0185,0.656,248960,0.721,0,0.0478,-5.675,,93.947,0.472,Rock
64,0.0125,0.522,245960,0.923,0.017,0.0854,-4.56,0.0539,120.4064967,0.595,Rock
63,,0.541,197800,,2.04E-06,0.0967,-5.964,0.0612,156.015,0.627,Rock
50,,0.749,-1,,0.000138,0.0967,-12.847,0.0383,132.153,0.308,Rock
57,0.913,0.356,179107,0.26,2.10E-06,0.105,-10.577,0.0314,144.184,0.49,Rock
71,0.0272,,168613,0.939,0,0.24,-1.352,,105.092,,Rock
56,,,350107,,0.934,0.109,-31.231,0.0362,67.144,,Classical
64,0.914,0.567,157893,0.159,0,0.111,-13.648,0.0331,146.913,0.436,Blues
51,0.308,,198400,0.627,0,0.159,-5.657,0.047,149.756,,Electronic
70,0.0354,0.526,193773,0.801,3.17E-06,0.0637,-3.717,0.0393,172.024,0.769,Rock
58,0.0107,,201347,0.75,0,0.106,-3.53,0.0293,159.824,,Rock
60,,0.634,237027,,5.29E-06,0.0598,-5.058,0.352,94,0.929,Rap
25,0.00398,0.568,373930,0.587,0.74,0.684,-11.238,0.0331,128.008,0.038,Electronic
70,0.00568,0.441,-1,0.762,3.31E-05,0.0865,-3.857,0.0438,167.964,0.743,Rock
62,0.448,0.504,-1,0.501,0,0.19,-11.899,0.0385,94.961,0.731,Rock
63,0.0162,0.715,-1,0.656,0.000501,0.0882,-6.154,0.0259,126.01,0.423,Rock
58,0.515,0.471,284840,0.357,0.00363,0.114,-11.333,0.0283,138.255,0.278,
65,,0.6,217400,,0.0022,0.249,-17.085,0.0366,110.535,0.468,Rock
59,0.00286,,250627,0.557,0,0.209,-4.47,0.0291,145.861,,Rock
51,0.425,0.436,154749,0.655,0,0.393,-8.153,0.159,139.712,0.523,Alternative
59,0.0312,0.473,312280,0.691,0.00404,0.147,-7.984,0.0248,120.4064967,0.421,Rock
50,0.000571,0.183,-1,0.984,1.84E-05,0.288,-2.654,0.186,182.41,0.36,Alternative
54,0.0219,,218400,0.812,0.00106,0.102,-12.062,0.0315,135.68,,Rock
55,0.16,0.525,257346,0.501,0.025,0.146,-14.192,0.0318,108.291,0.333,Rock
68,,0.458,342493,,0,0.574,,0.0258,72.484,0.363,Rock
26,,0.348,313400,,0.00118,0.948,-8.054,0.0342,120.4064967,0.482,Blues
52,0.386,,256800,0.551,0.00115,0.223,-8.984,0.0389,93.979,,Rock
51,0.0378,0.549,177000,0.888,7.22E-06,0.156,-3.68,0.0291,104.976,0.386,Alternative
58,0.118,0.663,-1,0.48,0.000387,0.165,-9.267,0.0245,95.912,0.218,Rock
74,0.0764,0.686,200467,0.783,0,0.163,-4.977,0.119,120.4064967,0.814,Rock
24,,0.606,186627,,9.04E-06,0.506,-4.194,0.0271,130.006,0.691,Rock
60,0.034,,215973,0.933,2.07E-05,0.33,-4.874,,169.842,,Rock
64,0.00272,0.235,227296,0.86,0.0969,0.388,-2.842,,127.788,0.342,Rock
0,0.956,0.332,194053,0.188,0.929,0.137,-20.45,0.0446,136.27,0.055,Classical
68,0.021,0.424,254533,0.632,0.0117,0.0545,-7.243,0.0922,97.694,0.356,Rock
36,0.481,0.718,285533,0.548,0.857,0.0892,-11.204,0.0316,109.96,0.629,Jazz
49,2.58E-05,0.475,177427,0.753,0.0968,0.212,-5.058,0.214,162.92,0.672,Alternative
55,0.152,0.555,-1,0.726,0.000178,0.148,-8.939,0.0368,107.719,0.505,Rock
53,0.775,0.435,-1,0.384,0.92,0.119,-14.024,0.0289,159.092,0.171,Rock
33,0.00166,0.495,-1,0.534,0.000117,0.0889,-7.347,0.0253,92.997,0.182,Country
59,,0.471,267067,,0,0.101,-10.879,0.0324,125.242,0.17,Rock
32,0.0792,0.364,431936,0.752,1.57E-05,0.0966,-5.623,0.1,173.715,0.636,Blues
26,0.379,0.57,282373,0.949,0.351,0.0928,-3.529,0.118,120.4064967,0.807,Blues
38,0.137,0.494,205160,0.357,0.667,0.131,-17.063,0.0343,120.4064967,0.292,Jazz
34,0.441,,157307,0.728,3.33E-05,0.351,-9.14,0.0984,78.205,,Jazz
52,0.0314,0.725,201920,0.55,0,0.0892,-6.588,0.0436,76.011,0.785,Country
65,0.527,0.773,264600,0.794,0.000354,0.113,-4.954,0.0326,101.143,0.907,Rock
58,0.88,0.309,241013,0.179,0.000346,0.117,-17.077,0.0337,121.498,0.167,Rock
45,0.935,0.548,250760,0.115,0.0807,0.16,-18.408,0.034,107.799,0.15,Jazz
63,,0.559,213920,,0.00524,0.096,-5.338,0.0392,104.976,0.573,Rock
70,0.00569,0.724,163673,0.591,0.0249,0.0833,-5.696,0.0677,107.944,0.633,Rock
38,0.328,0.444,337017,0.54,0.0127,0.08,-11.003,0.216,120.4064967,0.287,Jazz
34,0.981,,274507,0.0526,0.969,0.0707,-26.037,0.0402,120.4064967,,Classical
30,,0.813,245040,,0.887,0.0467,-7.177,0.0375,120.4064967,0.877,Jazz
54,0.517,0.589,217920,0.616,9.33E-06,0.123,-3.401,0.0987,83.937,0.305,Hip-Hop
57,0.142,0.405,338240,0.756,4.03E-05,0.638,-6.361,0.0307,120.4064967,0.606,Rock
,0.171,0.348,,0.87,,,-5.86,0.137,,0.763,Country
75,,0.526,195200,,0.0597,0.229,-6.003,0.0905,90.052,0.528,Rock
35,0.995,0.387,363800,0.0353,0.893,0.0729,-32.142,0.0482,96.86,0.15,Classical
60,,0.511,252400,,0.00201,0.135,-4.243,0.0754,147.999,0.557,Rock
67,0.266,0.328,180600,0.619,1.95E-06,0.178,-7.136,0.282,67.153,0.405,Rap
30,0.973,0.43,533684,0.0828,0.609,0.214,-22.039,0.0474,125.093,0.459,Classical
51,0.000614,0.411,322613,0.768,0.00859,0.134,-4.21,,134.408,0.672,Alternative
52,0.516,0.813,-1,0.757,0,0.363,-5.358,0.356,92.996,0.646,Hip-Hop
61,0.836,0.33,187040,0.214,0.0701,0.178,-17.699,0.0311,147.795,0.275,Rock
65,0.00318,0.559,190760,0.931,1.24E-05,0.0624,-5.863,0.0721,90.911,0.644,Rock
52,0.0117,,413880,0.991,0.00392,0.339,-6.725,0.256,152.596,,Electronic
54,0.454,0.385,130333,0.791,0,0.0755,-2.647,0.0949,194.638,0.764,Rock
61,0.0824,0.571,226200,0.698,0.0037,0.279,-5.056,0.0353,120.4064967,0.61,Rock
13,0.812,0.615,109107,0.229,0.953,0.165,-18.944,0.0472,184.591,0.0863,Anime
35,0.437,0.62,184000,0.611,0.0288,0.118,-10.708,0.0275,93.119,0.689,Blues
65,0.195,0.606,172640,0.805,8.81E-06,0.109,-5.399,0.214,120.4064967,0.725,Rock
60,,0.346,188184,,2.03E-05,0.263,-4.919,,186.836,0.297,Rock
61,,0.529,,,,0.205,-5.513,0.0482,93.977,0.69,Rock
38,0.000416,0.694,128000,0.917,0.422,0.515,-3.181,0.219,150.01,0.526,Electronic
35,0.00721,0.551,667973,0.531,0.000868,0.135,-9.054,0.0495,82.36,0.546,Blues
51,0.2,0.427,240733,0.883,0,0.105,-1.936,0.102,159.91,0.724,Country
43,0.0354,0.794,373377,0.625,0.871,0.0654,-8.396,0.0549,113.996,0.187,Electronic
61,0.148,,462267,0.788,0.625,0.0977,-5.611,0.0425,142.584,,Rock
62,0.000456,0.519,190707,0.892,0.000525,0.572,,0.113,174.027,0.559,Rock
60,0.00798,,185960,0.843,3.10E-05,0.112,-4.238,,91.979,,Rock
73,0.232,0.848,181948,0.649,0,0.101,-6.083,0.315,118.04,0.629,Hip-Hop
56,0.0601,0.559,258693,0.343,0.138,0.1,-13.072,0.0424,120.4064967,0.183,Rock
56,0.651,,,0.37,,,-16.651,0.035,,,Country
57,0.00018,0.448,,0.927,,,-3.244,0.061,,0.687,Rock
61,0.0725,0.641,-1,0.792,0.513,0.175,-6.453,0.0272,87.069,0.67,Rock
,0.959,0.0667,,0.0338,,,-26.563,0.0474,,0.0376,Classical
65,,0.531,216067,,0,0.0716,-4.95,0.0352,124.578,0.424,Rock
65,,0.829,-1,,0.00148,0.171,-4.329,0.0966,130.04,0.762,Rock
36,,,460613,,0.975,0.108,-20.82,0.0386,120.4064967,,Jazz
65,,0.506,,,,,-6.11,0.11,,0.549,Rock
,0.763,,,0.459,,,-10.446,0.0304,,,Rock
68,0.083,,-1,0.824,0,0.21,-4.039,0.0524,161.981,,Rock
66,,,190280,,0,0.111,-3.347,0.039,92.967,,Rock
30,0.806,,306333,0.67,0.913,0.121,-9.736,0.0297,95.109,,Jazz
34,0.00477,0.758,,0.479,,0.107,-6.791,0.0868,92.003,0.652,Jazz
50,0.0722,,,0.901,,0.14,-6.311,0.038,93.98,,Rock
50,0.101,0.53,231640,0.504,0.000633,0.106,-6.71,0.0251,120.4064967,0.56,Country
57,0.968,0.573,115827,0.235,0.0198,0.105,-16.982,0.0426,79.578,0.834,Rock
55,,0.409,258373,,0.118,0.116,,0.085,166.001,0.473,Rock
26,0.77,0.81,153093,0.524,1.03E-05,0.161,-9.77,0.0339,130.214,0.949,Blues
42,0.239,0.669,217778,0.736,0.000169,0.598,-3.223,0.0602,145.061,0.494,Electronic
54,0.257,0.69,329627,0.877,0,0.14,-4.074,0.264,92.165,0.779,Hip-Hop
36,0.937,0.0874,-1,0.0169,0.773,0.108,-32.245,0.0478,85.068,0.05,Classical
59,0.214,0.599,239613,0.869,0.129,0.108,-4.874,0.0277,90.088,0.637,Rock
79,0.0149,0.921,191252,0.467,0.000238,0.334,-8.443,0.119,135.995,0.287,Rap
60,0.758,0.35,-1,0.293,8.21E-06,0.104,,,96.685,0.162,Rock
62,0.0711,0.753,193093,0.594,0,0.391,-9.486,0.0816,112.568,0.562,Rap
55,,0.547,243933,,0.000659,0.312,-3.839,0.0452,114.053,0.532,Rock
55,,0.622,,,,0.0954,-7.971,0.0269,90.082,0.496,Country
42,0.458,0.368,-1,0.395,3.66E-05,0.14,-14.067,0.0296,101.564,0.466,Blues
51,0.000273,0.616,-1,0.985,0.000145,0.111,-1.598,0.0832,109.979,0.487,Rock
61,0.498,0.523,241507,0.366,0,0.094,-14.069,0.0331,142.814,0.291,Rock
56,0.0632,0.705,241947,0.75,0,0.146,-4.558,0.0522,77.817,0.392,Rap
,0.517,0.668,,0.477,,,-8.709,0.0358,,0.0966,Rock
52,0.0178,0.878,251667,0.651,0,0.0408,-8.074,,92.028,0.102,Rap
46,0.866,0.47,320520,0.22,1.07E-06,0.113,-11.727,0.043,156.109,0.349,Alternative
77,0.167,0.491,189187,0.867,0,0.458,-2.313,0.103,167.965,0.602,Rock
64,,0.39,330533,,0,0.379,,0.0676,177.515,0.584,Rock
64,0.0217,0.858,247613,0.76,0,0.322,-7.895,0.254,93.082,0.951,Hip-Hop
53,0.00277,0.612,,0.666,,,-5.866,0.0317,,0.353,Rock
51,0.147,0.44,201076,0.649,0,0.105,-8.465,0.0925,187.783,0.405,Rock
70,0.0557,0.678,213402,0.76,0,0.359,-5.546,0.221,96.044,0.24,Rap
56,0.0238,,313533,0.694,0,0.0344,-5.184,,96.458,,Rock
56,0.92,,260840,0.289,0.00011,0.124,-9.83,0.0268,108.098,,Rock
55,0.238,0.593,204467,0.41,0.587,0.117,-9.722,0.0239,120.4064967,0.27,Rock
54,0.0593,0.608,,0.863,,0.228,-4.87,,150.029,0.476,Rap
33,0.377,0.519,-1,0.374,0,0.0767,,0.0272,111.336,0.422,Blues
,,0.426,,,,0.0951,-5.828,0.0398,88.088,0.219,Rock
61,0.504,0.461,168920,0.714,0.0171,0.684,-9.159,0.313,94.372,0.454,Rock
62,,0.564,168094,,1.15E-05,0.168,-6.578,0.0442,79.99,0.32,Rock
55,0.324,0.705,191280,0.813,0,0.347,-4.522,0.116,120.4064967,0.843,Rock
46,0.281,,,0.724,,,-5.142,0.0892,,,Electronic
49,,,,,,,-8.624,0.0386,,,Country
42,0.000128,0.442,290547,0.793,0.000305,0.227,-5.465,0.029,149.958,0.313,Alternative
47,0.0135,0.162,369338,0.517,0.246,0.116,-8.214,0.0631,173.743,0.109,Blues
54,0.000314,0.503,177240,0.741,0.574,0.44,-5.672,0.0357,120.998,0.544,Rock
80,0.381,0.642,195053,0.782,0,0.108,-3.395,0.0477,162.005,0.396,Hip-Hop
59,0.31,0.476,283133,0.331,2.82E-06,0.172,-14.884,0.0305,130.574,0.24,Rock
62,0.0182,0.378,339493,0.596,1.14E-05,0.144,-5.406,0.0323,135.968,0.172,Rock
65,0.492,0.761,189387,0.592,0.00626,0.61,-9.836,0.0586,123.095,0.332,Rock
,0.819,0.64,,0.196,,0.0978,-11.478,0.0267,143.919,0.301,Rock
67,0.00238,0.236,354393,0.84,0.204,0.303,-3.454,0.0572,129.19,0.189,Rock
44,,0.674,246938,,0,0.289,-6.457,0.061,143.948,0.371,Country
41,0.00976,,-1,0.788,0.395,0.29,-7.772,0.0289,126.355,,Electronic
52,0.00372,0.326,210520,0.935,7.55E-06,0.302,-5.69,0.0698,135.762,0.17,Alternative
59,0.122,,218853,0.601,5.69E-06,0.181,-5.996,0.029,120.4064967,,Rock
,0.0368,,,0.741,,0.402,-3.821,0.0296,75.012,,Rock
52,0.0708,0.458,208253,0.751,0.0105,0.169,-4.681,0.032,140.895,0.387,Rock
71,0.0414,0.686,289560,0.428,0,0.138,-13.072,0.192,141.95,0.329,Hip-Hop
60,0.582,0.421,187134,0.407,0.775,0.117,-10.732,0.0777,80.748,0.238,Alternative
49,0.00591,,193213,0.837,2.83E-05,0.0635,,0.0721,131.668,,Rock
56,0.375,0.677,255040,0.403,0.000269,0.0594,-9.457,0.0291,120.4064967,0.568,Rock
58,0.669,,142933,0.363,0,0.117,-12.484,0.0335,123.263,,Rock
16,0.0246,0.545,225107,0.917,0,0.307,-2.839,0.0352,132.93,0.651,Anime
50,,0.419,271027,,0,0.0967,-5.659,0.0321,143.968,0.242,Alternative
,,0.437,,,,,-11.439,0.0326,,0.0784,
67,0.000932,0.513,258920,0.877,0.000163,0.136,-3.756,0.0292,145.919,0.389,Rock
56,0.245,0.876,127335,0.807,0,0.125,-4.466,0.18,135.754,0.691,Hip-Hop
25,0.0161,0.815,149647,0.666,0.552,0.0745,-5.995,0.227,120.4064967,0.483,Electronic
73,,0.413,-1,,0,0.0793,-5.12,0.255,120.4064967,0.0845,Hip-Hop
54,0.0263,0.314,309640,0.959,0.000148,0.161,-4.657,0.0908,154.221,0.492,Rock
53,0.00358,0.765,460493,0.397,0.715,0.117,-10.538,,123.89,0.15,Rock
45,0.663,0.665,297991,0.634,9.77E-05,0.127,,0.21,93.05,0.43,Jazz
58,0.318,0.492,356947,0.928,0.107,0.0873,-2.261,0.0495,127.995,0.312,Rock
48,0.495,0.95,190240,0.343,0,0.0805,-9.418,0.508,124.051,0.564,Hip-Hop
53,0.164,0.552,295667,0.802,0.00114,0.13,-7.479,0.04,152.807,0.631,Rock
46,0.48,0.809,203327,0.523,0,0.277,-6.335,0.206,133.921,0.827,Hip-Hop
59,0.704,0.178,-1,0.981,7.45E-05,0.854,-1.743,0.162,88.21,0.369,Alternative
59,0.0887,0.691,272379,0.74,0,0.149,-5.884,0.298,78.025,0.41,Rap
67,0.175,0.386,363114,0.562,9.17E-06,0.209,-4.363,0.03,72.945,0.228,Rock
50,0.188,0.766,261176,0.526,0,0.0744,-6.228,0.233,136.105,0.568,Rap
21,0.933,0.16,512173,0.0744,0.761,0.0785,-22.592,0.0408,120.4064967,0.0761,Classical
47,0.324,0.644,85775,0.722,0.892,0.0895,-4.872,0.0787,89.519,0.769,Jazz
,0.547,0.562,,0.394,,0.383,-9.536,,76.277,0.292,Hip-Hop
27,0.0182,0.35,184773,0.658,3.79E-06,0.073,-6.553,0.0568,156.295,0.593,Blues
50,0.0133,0.444,247373,0.609,0,0.0636,-11.19,0.0366,124.005,0.78,Rock
54,0.503,0.22,419400,0.44,0.862,0.12,-9.456,0.0352,79.095,0.13,Rock
50,1.50E-05,0.543,218973,0.866,0.0298,0.32,-4.812,0.0399,137.946,0.321,Rock
53,0.00388,0.615,280347,0.889,0,0.0947,-2.539,0.0371,131.96,0.659,Rock
43,0.00153,0.196,331653,0.737,0.745,0.0865,-8.961,0.0728,96.138,0.0898,Anime
26,0.488,0.522,322547,0.324,0.724,0.551,,0.0408,115.836,0.395,Blues
56,0.038,0.364,260609,0.46,0.00131,0.535,-8.298,0.0425,93.129,0.068,Rock
66,0.0874,0.525,252280,0.741,0.147,0.117,-5.643,0.0311,117.031,0.179,Rock
23,0.000136,0.475,271640,0.822,0,0.106,,0.068,134.776,0.279,Anime
30,0.726,0.377,,0.111,,0.109,-17.324,0.0588,96.688,0.137,Classical
61,0.0534,0.462,-1,0.628,0.00025,0.12,-5.659,0.0274,140.049,0.0981,Rock
33,0.84,,422133,0.00681,0.0844,0.0681,-37.783,0.0456,79.046,,Classical
66,0.445,0.661,180360,0.785,0.000266,0.0854,-5.623,0.0369,91.975,0.371,Rock
48,0.131,0.886,256000,0.503,0.000692,0.104,-7.189,0.0437,120.4064967,0.55,Hip-Hop
71,0.0771,0.712,287733,0.967,0,0.356,-5.206,,145.024,0.895,Rock
60,,0.407,349187,,0,0.234,-10.583,0.0318,113.311,0.404,Rock
50,0.0125,0.264,287613,0.875,0.24,0.0925,-3.371,0.054,120.4064967,0.232,Rock
38,0.00102,0.467,229027,0.973,0.0357,0.0528,-1.236,0.143,93.153,0.445,Anime
,,,,,,,,,,,Jazz
71,0.0314,0.559,205933,0.882,1.71E-05,0.605,-4.281,0.157,126.064,0.634,Rock
60,,0.803,,,,0.079,-6.457,0.0357,115.017,0.933,Rock
42,0.903,0.449,,0.174,,,-12.56,0.0292,,0.288,Country
67,0.338,0.633,-1,0.559,0,0.262,-5.135,0.313,114.983,0.473,Rock
57,0.0218,,257960,0.508,0,0.237,-14.339,0.0402,120.4064967,,Rock
55,,,185907,,0.0802,0.396,-5.411,0.0282,88.062,,Rock
33,0.125,0.726,334173,0.497,0.89,0.104,-10.742,0.0433,125.004,0.459,Electronic
42,,,370160,,0.711,0.119,-8.081,,102,,Jazz
62,0.985,0.657,86944,0.431,0,0.149,-11.147,0.541,83.509,0.935,Hip-Hop
57,0.103,0.279,496573,0.472,0.874,0.063,-16.42,0.0295,115.13,0.135,Rock
60,0.0553,0.568,,0.871,,0.303,-3.453,0.0308,119.99,0.374,Rock
57,,,,,,0.255,-3.633,0.0493,148.062,,Rock
54,0.0145,0.528,209206,0.875,0,0.138,-5.912,0.0436,136.83,0.479,Rock
58,0.0198,0.467,185080,0.815,1.23E-06,0.118,,0.0524,140.047,0.335,Rock
29,0.00843,,275200,0.896,0.0312,0.128,-2.695,0.374,75.897,,Electronic
23,0.019,0.519,256560,0.875,0,0.315,-4.542,0.0406,104.04,0.546,Anime
72,0.605,0.669,231173,0.389,0.16,0.0905,-11.547,0.0306,130.015,0.649,Rock
65,0.858,0.654,134400,0.336,0.385,0.0786,-12.825,0.0379,176.083,0.947,Rock
62,0.0904,0.395,234973,0.538,0.000453,0.0685,-10.3,0.0456,150.785,0.369,Rock
40,0.000636,0.384,180400,0.917,4.35E-05,0.409,-4.516,0.194,79.478,0.443,Blues
60,0.000761,,241627,0.933,0,0.342,-4.759,0.0738,92.998,,Rock
52,0.278,0.542,286440,0.924,0.000437,0.0825,-2.428,0.0829,82.666,0.686,Rock
46,0.0328,0.569,204933,0.948,0.925,0.0928,,0.0512,192.043,0.876,Electronic
46,0.129,,492267,0.352,0.283,0.11,-10.239,0.0345,121.438,,Alternative
13,0.739,0.4,173000,0.437,0.967,0.132,-14.016,0.0503,120.4064967,0.142,Anime
47,0.00382,0.583,224720,0.921,0.459,0.226,-8.38,0.0697,125.98,0.222,Rock
47,0.803,0.193,251173,0.00709,0.208,0.0981,-33.602,,94.681,0.037,Classical
48,,0.368,202467,,0.898,0.082,-3.65,0.0382,84.08,0.615,Alternative
53,0.263,0.2,310933,0.434,0,0.117,-14.274,0.0294,83.876,0.37,Rock
67,0.0999,0.403,240933,0.777,3.28E-06,0.124,-6.416,0.0354,76.329,0.149,Rock
,3.61E-05,0.42,,0.935,,0.0654,-3.63,0.0429,120.4064967,0.682,Anime
54,0.0399,0.575,177960,0.985,0,0.166,-1.038,0.0743,120.4064967,0.476,Rock
65,0.664,0.582,215813,0.443,0,0.0703,-7.816,0.0436,78.071,0.452,Alternative
45,0.000999,0.338,554840,0.812,0.000139,0.11,-4.816,0.0346,160.03,0.317,Alternative
66,0.165,0.589,-1,0.603,0,0.0687,-5.517,0.0435,76.874,0.456,Rock
29,0.972,0.154,450413,0.0118,0.847,0.0709,-31.067,0.0467,80.151,0.0524,Classical
,,0.648,,,,,-6.063,0.0428,,0.51,Hip-Hop
52,0.0132,0.624,245947,0.684,0,0.113,-4.745,0.31,164.07,0.255,Rap
56,3.98E-05,0.476,181667,0.907,4.32E-06,0.353,-3.938,0.0593,96.515,0.303,Rap
57,0.0164,0.638,191126,0.682,1.09E-05,0.457,-3.798,0.0526,142.977,0.206,Rock
31,0.158,0.498,410867,0.571,0.00945,0.0553,-8.341,0.0281,139.226,0.492,Blues
55,,0.2,184427,,0,0.339,-3.424,0.0626,93.977,0.468,Alternative
57,0.554,0.371,148253,0.724,0,0.299,-9.792,0.0562,170.377,0.916,Rock
81,0.387,0.836,-1,0.621,9.16E-05,0.104,-4.685,0.0892,101.995,0.762,Hip-Hop
65,0.000995,0.602,261560,0.755,0.0799,0.412,-5.791,0.0397,135.042,0.646,Rock
51,,0.445,-1,,0.000808,0.0824,-4.979,0.109,144.28,0.573,Alternative
41,0.962,0.683,192200,0.0941,0.762,0.119,-20.776,0.0517,123.967,0.403,Jazz
56,0.0407,,178555,0.625,0.0113,0.536,-7.429,0.0273,120.4064967,,Rock
64,0.263,0.782,-1,0.508,0.0706,0.157,-7.153,0.231,137.954,0.356,Hip-Hop
49,0.32,0.601,229520,0.558,0.375,0.0732,-8.353,0.0441,92.948,0.416,Electronic
26,0.911,0.129,472933,0.0538,0.122,0.0602,-27.769,0.0359,92.218,0.0805,Classical
58,,0.406,320010,,0.000893,0.0967,-7.871,0.0311,118.633,0.246,Rock
57,,,241547,,0.0118,0.0765,-2.843,0.218,99.919,,Rock
60,0.051,0.443,267906,0.778,0,0.267,-3.037,0.0328,148.044,0.418,Rock
23,0.0498,0.708,285427,0.447,1.41E-05,0.273,-10.714,0.052,102.035,0.626,Electronic
58,0.34,0.508,296427,0.638,3.20E-05,0.0769,-4.671,0.0278,120.4064967,0.484,Rock
67,0.0102,0.68,233947,0.536,0.00105,0.113,-6.669,0.0582,119.958,0.417,Rock
40,0.91,0.412,198107,0.0769,0.00144,0.113,-20.142,0.032,171.168,0.518,Country
78,,0.824,137134,,3.70E-06,0.0876,-6.346,0.091,140.039,0.157,Rap
36,0.0914,0.698,218000,0.921,0,0.0602,-4.091,0.0387,120.4064967,0.685,Country
37,,,270690,,0.955,0.206,-5.675,0.0441,73.984,,Jazz
58,0.161,0.416,211487,0.53,1.34E-06,0.108,-8.182,0.0255,102.029,0.379,Rock
71,0.00876,0.533,170813,0.905,0.578,0.0698,-5.27,0.0754,108.9,0.486,Rock
61,,0.285,238076,,0.00392,0.104,-6.833,,154.989,0.372,Rock
59,0.395,0.439,-1,0.469,0.573,0.183,-9.283,0.0311,127.44,0.193,Rock
55,0.287,0.677,237388,0.45,0.00185,0.0992,-9.352,0.0325,119.912,0.432,Rock
40,,0.158,267400,,0.666,0.364,-6.508,0.0649,206.863,0.0653,Blues
60,0.138,0.516,-1,0.745,0,0.114,-5.674,0.0381,120.4064967,0.77,Rock
32,0.995,0.209,,0.0153,,0.0674,-29.801,0.0408,120.4064967,0.118,Classical
40,0.423,0.312,389395,0.379,0.00413,0.951,-9.93,0.0307,105.734,0.285,Country
34,0.428,,643545,0.64,0.00447,0.693,-12.263,0.0761,159.814,,Jazz
56,0.321,,208320,0.488,2.81E-05,0.148,-10.181,0.198,111.838,,Rap
64,4.82E-06,0.55,252533,0.765,0.873,0.132,-8.684,0.0287,120.4064967,0.417,Rock
53,,0.609,216693,,0.00123,0.37,-8.286,,121.768,0.754,Country
25,0.959,0.463,351587,0.039,0.726,0.106,-16.647,0.0728,77.222,0.0979,Blues
72,0.342,0.547,208493,0.596,0.335,0.148,-7.744,0.192,120.4064967,0.368,Hip-Hop
62,0.334,0.486,-1,0.565,0.00041,0.105,,0.0326,167.938,0.21,Rock
63,0.000393,0.272,262133,0.747,4.03E-05,0.16,-4.86,0.0401,202.777,0.255,Rock
65,0.222,0.332,474360,0.623,0.000883,0.278,-12.365,0.0803,182.63,0.416,Rock
37,0.0383,0.594,209877,0.735,0,0.13,-5.408,0.0518,121.947,0.752,Country
74,0.6,0.334,336093,0.472,3.77E-06,0.317,-8.792,0.0277,179.167,0.431,Rock
41,,0.546,418027,,0,0.0975,-8.161,0.026,78.31,0.325,Anime
,0.0661,0.739,,0.471,,0.116,-8.456,0.0436,90.002,0.31,Rock
36,0.0335,0.661,314080,0.559,0.146,0.0822,-10.3,,95.994,0.602,Jazz
39,0.963,0.474,498840,0.0431,0.935,0.11,-25.246,,129.786,0.145,Jazz
59,0.00106,0.582,-1,0.765,0.0506,0.344,-6.544,0.0376,128.164,0.528,Rock
39,0.156,0.529,-1,0.56,0.0299,0.155,-12.972,0.0329,104.516,0.866,Country
55,0.425,0.705,-1,0.811,6.15E-05,0.126,-5.201,0.0285,91.974,0.519,Rock
59,0.104,0.595,,0.792,,,,0.0297,,0.611,Rock
54,0.0822,0.628,224382,0.584,0.433,0.298,-8.03,0.0284,112,0.335,Rock
73,0.506,0.744,328293,0.545,0.0977,0.0649,-9.361,0.0297,97.409,0.346,Rock
,0.426,0.702,,0.901,,0.0368,-4.45,0.0264,97.862,0.919,Rock
25,0.996,0.36,198053,0.0612,0.885,0.11,-25.708,0.0447,92.864,0.11,Classical
48,,0.644,194107,,0.602,0.311,-3.04,0.0316,100.014,0.574,Rock
57,,0.518,-1,,0,0.0722,-13.268,0.0325,120.4064967,0.311,Rock
53,0.392,0.373,331173,0.571,0.0476,0.126,-9.186,0.0334,161.874,0.656,Rock
37,0.0266,0.491,324100,0.943,0,0.21,-3.046,0.0354,92.483,0.396,Anime
59,0.507,0.581,116160,0.821,0,0.108,-4.387,0.0318,136.145,0.968,Rock
70,0.748,0.401,-1,0.527,0.00305,0.359,-15.632,0.0615,133.749,0.208,Rock
77,0.381,0.66,-1,0.383,0,0.119,-9.377,0.0304,83.096,0.381,Rock
61,0.453,0.508,213267,0.493,0,0.241,-8.786,0.0327,127.671,0.467,Country
57,0.242,0.562,181827,0.798,0,0.112,-3.873,0.0311,143.979,0.579,
50,,0.522,141133,,0,0.345,-4.137,0.0461,144.499,0.852,Rock
59,0.293,,248506,0.625,0,0.15,-4.194,0.0542,123.983,,Hip-Hop
65,0.218,0.552,125827,0.742,0,0.339,-7.963,0.0454,138.591,0.751,Rock
42,7.73E-05,,287267,0.879,0.0484,0.329,-5.238,,180.05,,Classical
65,2.87E-05,0.529,,0.92,,0.0582,-4.168,0.0649,111.132,0.438,Rock
23,0.146,0.744,161544,0.65,0.204,0.224,-7.676,0.183,120.4064967,0.357,Electronic
48,0.334,0.768,192923,0.766,0,0.115,-3.697,0.0891,129.985,0.676,Rap
59,0.133,0.445,226827,0.771,0,0.273,-4.607,0.0501,147.913,0.448,Rock
59,0.19,0.444,,0.56,,0.117,-5.179,0.0267,172.224,0.34,Rock
68,0.00107,0.46,,0.796,,,-4.501,0.0333,,0.182,Rock
54,0.274,0.846,163480,0.752,0,0.11,-4.942,0.449,140.018,0.575,Hip-Hop
56,0.00227,0.56,218554,0.688,0,0.0596,-4.437,0.056,76.997,0.611,Rock
37,,0.73,163933,,1.99E-06,0.179,-8.232,0.0434,123.472,0.572,Jazz
50,0.00555,0.74,184490,0.497,0,0.334,-5.309,0.152,147.026,0.067,Hip-Hop
58,0.0196,,246827,0.908,0.0054,0.137,-4.08,0.0649,120.4064967,,Rock
45,,0.741,289800,,0.0325,0.305,-4.674,0.0402,91.017,0.607,Jazz
60,0.13,0.872,247133,0.679,0.00746,0.323,-10.026,0.156,120.4064967,0.948,Rock
46,0.00764,0.377,259773,0.903,9.74E-05,0.109,-6.423,0.0739,195.909,0.353,Alternative
50,0.0571,0.681,-1,0.747,2.12E-06,0.171,-5.731,,106.977,0.282,Country
53,0.0248,0.574,182320,0.701,3.12E-05,0.313,-6.038,0.0572,145.069,0.25,Rock
40,0.168,0.568,368533,0.33,0.546,0.807,-16.029,0.0265,106.142,0.297,Electronic
54,0.424,0.669,269323,0.517,0,0.155,-5.97,0.0345,140.931,0.354,Rock
58,,0.445,192533,,3.51E-05,0.378,,0.134,94.025,0.297,Rock
55,,0.63,212600,,0,0.303,-4.334,0.0312,93.014,0.261,Rock
51,0.035,0.352,-1,0.808,0,0.991,-8.097,0.0425,162.096,0.485,Rock
47,0.054,0.482,-1,0.627,2.99E-06,0.111,-5.779,0.03,95.903,0.17,Alternative
54,0.0173,0.575,246333,0.591,0,0.173,-5.916,,107.967,0.332,Rock
37,0.0468,0.513,230040,0.701,4.83E-06,0.349,-5.592,0.0281,144.944,0.302,Country
53,,0.776,144493,,0,0.169,-3.96,0.142,100.14,0.499,Rap
64,0.412,0.652,163600,0.583,0,0.119,-7.811,0.038,120.4064967,0.744,Rock
38,,0.455,395253,,0.000118,0.246,-10.118,,122.83,0.668,Blues
75,0.0626,,264067,0.505,9.22E-05,0.172,-9.129,0.026,74.807,,Rock
55,0.00698,0.581,234013,0.566,2.93E-06,0.0968,-8.169,0.0357,83.904,0.449,Rock
52,,0.387,227400,,0.275,0.219,-6.981,0.0617,176.426,0.757,Rock
42,,0.47,242147,,0.0328,0.641,-6.885,0.0272,106.92,0.206,Alternative
42,,0.65,204533,,0,0.16,-4.397,0.0331,93.992,0.896,Country
55,0.396,0.326,211520,0.65,0,0.119,-9.574,0.199,84.461,0.438,Rap
73,0.000917,0.433,269373,0.959,0,0.028,,0.0431,120.4064967,0.365,Alternative
66,0.0383,0.668,231467,0.739,0,0.13,-4.919,0.0308,131.918,0.571,Rock
59,,,305680,,0,0.0626,-1.616,0.198,157.02,,Rap
68,,0.665,169000,,4.19E-06,0.125,-8.438,0.0307,137.453,0.731,Rock
21,0.00112,0.626,211587,0.881,1.07E-05,0.254,-4.835,0.0352,128.045,0.75,Anime
27,0.665,0.327,-1,0.132,0.832,0.249,-17.153,0.0413,120.4064967,0.216,Classical
58,0.00235,,397768,0.854,0.00114,0.158,-7.531,0.0494,100.175,,Rock
50,0.64,0.651,146240,0.712,6.09E-05,0.0738,-6.79,0.0429,82.961,0.804,Rock
54,0.000564,0.635,325385,0.756,0.868,0.11,-9.421,0.0381,129.998,0.106,Electronic
64,0.0879,0.428,228147,0.429,0.00041,0.168,-6.06,0.049,127.173,0.182,Rock
68,0.377,0.648,349933,0.631,0,0.12,-5.662,0.103,105.989,0.142,Rap
57,,0.626,188600,,0.0219,0.439,-2.734,0.0721,133.204,0.433,Rock
35,0.239,0.556,198320,0.867,0,0.0874,-4.904,0.0321,133.073,0.81,Blues
46,0.00191,0.504,251773,0.952,0,0.699,-3.449,0.0638,104.007,0.237,Alternative
53,,0.726,227187,,0,0.316,-6.677,0.364,82.548,0.607,Hip-Hop
58,0.0751,0.411,-1,0.611,0.000221,0.0762,-4.719,0.0298,140.002,0.138,Rock
56,,0.529,-1,,5.97E-05,0.121,-16.192,0.044,153.466,0.661,Rock
47,0.45,0.381,67520,0.592,0,0.534,-10.879,0.289,84.974,0.673,Hip-Hop
40,0.557,0.531,239730,0.438,0.000133,0.104,-7.955,0.0264,70.996,0.231,Country
28,0.714,0.616,113813,0.186,1.32E-06,0.166,-13.757,0.051,119.747,0.878,Blues
32,0.409,0.528,145027,0.566,0.874,0.0956,-10.951,0.0376,149.885,0.482,Anime
30,0.313,0.616,358387,0.464,0.916,0.109,-17.747,0.0471,177.829,0.113,Electronic
63,0.0285,0.599,180302,0.931,0,0.102,-3.662,0.0517,111.012,0.788,Rock
55,0.266,0.707,221626,0.694,1.04E-06,0.283,-5.381,0.0329,115.993,0.518,Rock
64,,0.824,249533,,0.106,0.0403,-10.96,0.145,73.949,0.895,Rock
62,0.00273,0.449,210707,0.971,0,0.141,-3.66,0.0476,144.031,0.414,Rap
64,0.0299,0.57,222573,0.83,0,0.148,-5.096,0.0579,155.014,0.765,Rock
61,0.796,0.459,268530,0.317,0,0.126,-6.856,0.0279,137.748,0.297,Rock
65,,0.368,-1,,0,0.116,-5.1,0.0443,197.639,0.294,Rock
34,,0.301,260200,,3.86E-05,0.11,-7.615,0.043,90.96,0.595,Blues
40,0.102,,197053,0.837,0,0.0651,-4.385,0.0356,170.034,,Country
72,0.0422,,261280,0.382,4.74E-06,0.411,-10.889,0.0309,116.557,,Rock
51,0.0236,0.47,145120,0.564,3.89E-06,0.103,-9.241,0.216,122.111,0.408,Rap
47,0.0792,0.73,263533,0.543,0.559,0.11,-8.418,0.0638,166.024,0.796,Jazz
50,0.0506,0.502,211147,0.78,0.000518,0.0897,-5.271,0.0339,78.99,0.383,Country
51,0.491,0.617,141091,0.656,7.84E-06,0.0796,-8.023,0.304,84.712,0.475,Rock
60,0.121,0.78,229400,0.467,0.000134,0.314,-6.645,0.253,96.056,0.312,Rap
59,,0.352,456320,,0.0203,0.125,-3.634,0.149,122.897,0.228,Rock
62,0.0316,0.558,,0.896,,,-3.687,0.0545,,0.63,Rock
58,0.00059,0.594,218720,0.858,3.11E-06,0.0642,-4.339,0.0387,138.021,0.663,Rock
50,0.127,0.458,202307,0.805,0,0.664,-5.465,0.16,143.755,0.282,Hip-Hop
66,0.623,0.752,233280,0.543,0.0706,0.107,-9.483,0.0398,126.001,0.282,Rock
56,0.158,0.66,158800,0.557,0,0.543,-9.597,0.03,110.743,0.788,Rock
50,0.981,0.228,441013,0.498,0.864,0.704,-20.596,0.0533,79.023,0.358,Classical
57,6.68E-05,0.448,242995,0.974,0.000391,0.119,-2.919,0.12,137.96,0.224,Rock
30,,0.56,,,,0.0852,-24.839,0.0413,164.163,0.576,Anime
48,,0.741,194581,,0.0597,0.126,-8.28,0.046,129.538,0.2,Hip-Hop
56,,0.542,203120,,0,0.145,-5.137,0.0424,140.9,0.637,Country
52,0.0031,0.769,195347,0.601,0,0.272,-8.402,0.171,168.996,0.448,Hip-Hop
69,0.299,,211212,0.665,0,0.179,-5.611,0.0722,104.239,,Hip-Hop
53,0.0093,,276132,0.646,0.00469,0.101,-6.962,0.0283,173.974,,Rock
61,0.74,0.571,233667,0.281,0,0.163,-10.56,0.0475,142.263,0.294,Rock
39,,,209160,,0.0186,0.121,-7.637,0.0327,65.145,,Alternative
25,0.99,0.296,263240,0.234,0.885,0.0781,-19.277,0.043,129.471,0.294,Anime
38,,,256440,,2.48E-06,0.146,-12.994,0.0756,169.831,,Country
65,,0.444,145640,,6.59E-06,0.297,-3.724,0.104,125.896,0.411,Rock
62,0.000326,0.499,205440,0.958,2.19E-06,0.432,-5.417,0.0898,127.491,0.359,Rock
65,0.273,0.535,184500,0.524,0,0.08,-6.225,0.192,80.538,0.891,Rap
45,0.00126,0.83,180510,0.868,0.11,0.124,-4.223,0.159,149.95,0.702,Electronic
28,0.595,0.163,162027,0.44,0.909,0.142,-9.873,0.0436,154.357,0.126,Anime
62,,0.623,162293,,0.0617,0.261,-3.548,0.151,134.975,0.271,Rock
40,,0.699,216533,,0,0.274,-4.983,0.0306,131.99,0.806,Country
53,0.745,0.697,145427,0.676,0.000511,0.263,-5.273,0.0436,120.4064967,0.705,Rock
56,0.0434,0.8,139279,0.672,0,0.141,-7.925,0.32,76.023,0.871,Rap
56,0.0984,,197320,0.671,0,0.0844,-6.953,0.0351,120.4064967,,Rock
62,0.027,0.521,192333,0.901,0.0651,0.108,-5.518,0.067,131.182,0.817,Rock
51,0.151,0.766,291800,0.681,8.68E-05,0.266,-6.919,0.0565,141.94,0.853,Rock
57,,0.405,245040,,9.07E-05,0.104,-13.901,0.0395,61.34,0.383,Rock
21,0.122,0.866,295867,0.637,0,0.0727,-6.563,0.0291,95.509,0.9,Blues
54,0.987,0.281,173400,0.369,0.964,0.274,-16.022,0.036,76.155,0.211,Rock
,,0.45,,,,0.0944,-13.692,0.0337,179.937,0.0839,Rock
66,0.00187,0.552,299733,0.645,1.38E-06,0.0424,-6.595,0.0268,89.518,0.588,Rock
68,0.182,0.661,266333,0.818,0.000995,0.0527,-5.9,0.0291,147.544,0.79,Rock
54,0.0471,0.798,190918,0.721,0,0.0626,-4.964,0.0927,104.943,0.41,Rap
60,4.85E-05,0.518,189787,0.718,0.244,0.25,-4.355,0.0343,127.593,0.531,Rock
68,,0.717,205000,,8.94E-05,0.19,-3.677,0.0303,105.017,0.942,Rock
62,0.354,,-1,0.775,0,0.144,-6.613,0.0433,106.013,,Rock
19,0.105,0.511,148067,0.352,0.788,0.217,-13.681,0.0352,84.439,0.204,Anime
53,,0.44,221459,,0.000543,0.13,-6.422,0.0376,162.095,0.337,Rock
55,0.000197,0.656,345284,0.864,0.107,0.281,-7.895,0.0414,93.197,0.617,Rock
37,0.904,0.547,374093,0.116,0.848,0.107,-21.946,0.0354,105.115,0.344,Jazz
28,0.0298,0.489,241680,0.746,0.21,0.0997,-7.073,0.0431,166.597,0.866,Blues
41,,0.729,-1,,0.00032,0.34,-10.212,0.0297,120.296,0.882,Country
29,0.0684,0.437,226560,0.722,0.848,0.133,-8.987,0.0457,139.077,0.192,Blues
66,0.175,0.316,237026,0.86,4.92E-05,0.902,-5.038,0.0661,100.888,0.195,Rock
62,0.006,,,0.797,,0.392,-5.244,0.0333,129.964,,Rock
54,0.0489,0.332,214106,0.731,0.00347,0.178,-4.565,0.0446,90.028,0.636,Rock
45,0.0464,0.708,309227,0.745,0.873,0.365,-6.961,0.0424,122.016,0.161,Jazz
80,0.00293,0.442,181533,0.943,8.71E-06,0.091,-3.205,0.0602,85.064,0.781,Rock
47,0.0974,,215240,0.88,0,0.341,-5.098,0.0379,76.007,,Country
53,,0.574,182267,,9.39E-05,0.323,-8.543,0.0292,134.083,0.67,Rock
54,,0.488,352280,,0.0157,0.119,-12.02,0.0328,106.063,0.323,Rock
54,0.0448,,274253,0.527,2.65E-06,0.101,-9.501,0.0263,113.881,,Rock
54,0.173,0.811,250909,0.472,0.407,0.0969,-13.446,0.0429,131.983,0.822,Rock
,0.54,0.862,,0.412,,0.0611,-4.877,0.0453,99.964,0.614,Blues
63,0.0915,0.546,205333,0.786,8.67E-05,0.168,-5.06,0.0401,126.003,0.679,Rock
69,0.0416,0.341,255600,0.674,5.47E-06,0.345,-7.643,0.0492,88.933,0.452,Rock
53,,0.107,345373,,0.934,0.0812,-16.15,0.0337,77.787,0.0364,Rock
30,0.832,0.184,329133,0.0917,0.94,0.112,-17.91,0.0407,127.207,0.0331,Jazz
55,0.121,0.625,218867,0.826,0,0.158,-5.037,0.0325,99.919,0.699,Rock
,0.279,0.516,,0.738,,,-7.21,0.415,,0.595,Rap
49,0.269,,298600,0.895,4.17E-06,0.4,-3.258,0.335,167.974,,Hip-Hop
55,,,151093,,2.04E-05,0.0746,-12.617,0.0303,129.175,,
57,0.0993,0.439,258160,0.591,0.00225,0.0718,-6.407,0.0419,125.893,0.397,Rock
53,,0.45,415600,,0.000284,0.0405,-14.218,0.0327,118.782,0.366,Rock
46,,,164666,,2.87E-05,0.0619,-12.848,0.0325,120.4064967,,Blues
70,0.272,0.47,-1,0.809,0.00671,0.0491,-6.74,0.0495,151.836,0.49,Rock
53,0.000252,0.276,266027,0.883,0.462,0.0973,-5.625,0.0446,164.052,0.164,Rock
61,0.608,0.673,117013,0.349,0,0.38,-12.414,0.0368,124.451,0.609,Rock
49,0.0121,0.3,181333,0.965,0.000742,0.687,-6.724,0.0429,178.963,0.793,Country
52,,0.397,224027,,0.118,0.109,-11.766,0.0358,117.971,0.343,Rock
0,0.986,0.343,259040,0.0153,0.908,0.181,-30.433,0.0453,169.22,0.102,Classical
54,0.655,0.699,252067,0.197,0,0.0716,-14.792,0.0383,122.871,0.361,Rock
79,,0.623,191360,,0,0.135,-8.699,0.0354,130.032,0.721,Rock
52,0.152,0.715,130342,0.684,0,0.473,-8.138,0.549,89.963,0.767,Hip-Hop
53,0.00824,0.502,211809,0.758,0,0.102,-5.035,0.0718,149.738,0.423,Rock
66,0.444,0.579,245640,0.605,0.000645,0.11,-6.686,0.0328,121.793,0.74,Rock
59,,0.597,182653,,0.00191,0.501,-4.727,0.11,87.479,0.866,Rock
61,0.000484,0.348,187907,0.893,6.36E-05,0.281,-4.589,,148.043,0.392,Rock
38,0.0332,0.608,218624,0.938,0,0.31,-2.681,0.287,134.198,0.436,Electronic
63,,0.691,198907,,0.000684,0.119,-10.843,0.0392,135.954,0.613,Rock
34,,0.519,408920,,0.00787,0.337,-6.85,0.0305,125.844,0.152,Blues
